"label	sequences"
"0	MAMSFSGAVLTGMASSFHSGAKQSSFGAVRVGQKTQFVVVSQRKKSLIYAAKGDGNILDDLNEATKKASDFVTDKTKEALADGEKAKDYVVEKNSETADTLGKEAEKAAAYVEEKGKEAANKAAEFAEGKAGEAKDATK"
"0	MAPALSRSLYTSPLTSVPITPVSSRLSHLRSSFLPHGGALRTGVSCSWNLEKRCNRFAVKCDAAVAEKETTEEGSGEKFEYQAEVSRLLDLIVHSLYSHKEVFLRELVSNASDALDKLRFLSVTEPSLLGDGGDLEIRIKPDPDNGTITITDTGIGMTKEELIDCLGTIAQSGTSKFLKALKENKDLGADNGLIGQFGVGFYSAFLVAEKVVVSTKSPKSDKQYVWESVADSSSYLIREETDPDNILRRGTQITLYLREDDKYEFAESTRIKNLVKNYSQFVGFPIYTWQEKSRTIEVEEDEPVKEGEEGEPKKKKTTKTEKYWDWELANETKPLWMRNSKEVEKGEYNEFYKKAFNEFLDPLAHTHFTTEGEVEFRSILYIPGMGPLNNEDVTNPKTKNIRLYVKRVFISDDFDGELFPRYLSFVKGVVDSDDLPLNVSREILQESRIVRIMRKRLIRKTFDMIQEISESENKEDYKKFWENFGRFLKLGCIEDTGNHKRITPLLRFFSSKNEEELTSLDDYIENMGENQKAIYYLATDSLKSAKSAPFLEKLIQKDIEVLYLVEPIDEVAIQNLQTYKEKKFVDISKEDLELGDEDEVKDREAKQEFNLLCDWIKQQLGDKVAKVQVSNRLSSSPCVLVSGKFGWSANMERLMKAQALGDTSSLEFMRGRRILEINPDHPIIKDLNAACKNAPESTEATRVVDLLYDTAIISSGFTPDSPAELGNKIYEMMAMAVGGRWGRVEEEEESSTVNEGDDKSGETEVVEPSEVRAESDPWQD"
"0	MALLCSALSNSTHPSFRSHIGANSENLWHLSADPAQKSKRRCNLTLSSRAARISSALESAKQVKPWQVPKRDWFPPEFMFGAASAAYQIEGAWNEGGKGPSSWDNFCHSHPDRIMDKSNADVAANSYYMYKEDVRMLKEIGMDSYRFSISWPRILPKGTLDGGINHEGIQYYNDLLDCLIENGIKPYITLFHWDTPQALADEYKDFLDRRIVKDYTDYATVCFEHFGDKVKNWFTFNEPHSFCGLGYGTGLHAPGARCSAGMTCVIPEEDALRNPYIVGHNLLLAHAETVDVYNKFYKGDDGQIGMVLDVMAYEPYGNNFLDQQAQERAIDFHIGWFLEPMVRGDYPFSMRSLVGDRLPFFTKSEQEKLVSSYDFVGINYYTSRFAKHIDISPEFIPKINTDDVYSNPEVNDSNGIPIGPDVGMYFIYSYPKGLKNILLRMKEKYGNPPIYITENGTADMDGWGNPPMTDPLDDPLRIEYLQQHMTAIKEAIDLGRRTLRGHFTWSLIDNFEWSLGYLSRFGIVYIDRNDGCKRIMKKSAKWLKEFNGATKKLNNKILGASSCCSGVTHGGGTA"
"0	MHFFFVPNSSSSSPSPANTSSFSLSFLTPQIPENLCKSPTKIHIGTHGISGQSFLSHPTFSSKNTYLYAVVDRSSSGVFSPQKESANGEGEESNTEEGVLVVRRPLLENSDKESSEEEGKKYPARIDAGLSNIAKKMPIFEPERSESSSSSSAAAAARAQERPLAVNLDLSLYKAKVLARNFRYKDAEKILEKCIAYWPEDGRPYVALGKILSKQSKLAEARILYEKGCQSTQGENSYIWQCWAVLENRLGNVRRARELFDAATVADKKHVAAWHGWANLEIKQGNISKARNLLAKGLKFCGRNEYIYQTLALLEAKAGRYEQARYLFKQATICNSRSCASWLAWAQLEIQQERYPAARKLFEKAVQASPKNRFAWHVWGVFEAGVGNVERGRKLLKIGHALNPRDPVLLQSLGLLEYKHSSANLARALLRRASELDPRHQPVWIAWGWMEWKEGNTTTARELYQRALSIDANTESASRCLQAWGVLEQRAGNLSAARRLFRSSLNINSQSYVTWMTWAQLEEDQGDTERAEEIRNLYFQQRTEVVDDASWVTGFLDIIDPALDTVKRLLNFGQNNDNNRLTTTLRNMNRTKDSQSNQQPESSAGREDIETGSGFNLDVFLRSKLSLDPLKLDVNLDSKRLERFTRGRINGA"
"0	METAICGRLALAPSSLFNSKSGDKHLVSKGPCVNRSILMTLSTSAALGKGGGVLDKPIIEKTTPGRESEFDLRKSKKIAPPYRVILHNDNFNKREYVVQVLMKVIPGMTVDNAVNIMQEAHINGLAVVIVCAQADAEQHCMQLRGNGLLSSVEPDGGGC"
"0	MLLSAIASQTLLSSNPNLHFSNSIPNPRPSNPSLKLLNASSSSSSSSSSSIFTRGLRYVNHTVSNEESEPGGGETMVASASAIASAIRGASTTPVEFTQMIEKDHLKTKIILPSPDFQRLCLEQLDLFRQIVDPNAVLSIYVRPAGSYVMDRLELRRVTCYPSVNAGDVVILVGNFGIPAGLRAAEASLSSQQVELVSKHRAAVFPMVKHPFVVGFLVAELPVEAEEEEEEEEEEKPHGVNQFLSPEEAYALPASANTKSPRVKLPSVKVFTEEQRSYAINISRTLAMAYVMDQKTMLLQQSSWQNNVRMSKLVEQIRGPLSTMRTLSKMLSTHTKRNQISHDIVEDLIVQGDQIKDTLEELQDAVHLTKANIVRHNEEALKKINKTHNETRRSKYEHKDPIDGSQISSTRLSLGSGLDDSEMPMPPLALAPLQMHSIRPCDISNVLLDMVETVRPLALTQQRVVELGENSASLQVAVEEPALRQALSNLIEGALLRTHVGGKVEILSTRAPAGGSLVVIDDDGPDMRYMTQMHSLTPFGAELLSENMVEDNMTWNFVAGLTVAREILESYGCVIRVISPRSSDAALGAGGTRVELWLPAFPAAVSEANEA"
"0	MQLQTQSFALNLLPSPNFAKPIERREFISLKRDPSRPISLRCSVSTTLDTPATASTHKPFPAEVSRSIMELSSVGTLSTLTHDGWPLGVGVRFAVDKDGTPVLCLNRSVSPDKRSALHVQLEQCGLRTPQCTIQGSIGRPGDDTVLKRLSATWREKFGEEVKEDSLYVVAVDRVLQMEDFMEDGIWVASSDYKNASPDPLRDIAEDIVNQINANNMEDIFRFCNVYVDLDFVVSETKMIWMDRLGFDLRVWSPRGVYDVRIPFPMEVTDEKGAKSSFNGMSQLAWEVEKSYCPADFNKVKLLKQVVGSSHSHKGGGQ"
"0	MPLLHPQSLRHPSFEIQTQRRSNSTTRLLLSHKFLHSQASIISISRTRILKRVSQNLSVAKAASAQASSSVGESVAQTSEKDVLKALSQIIDPDFGTDIVSCGFVKDLGINEALGEVSFRLELTTPACPVKDMFENKANEVVAALPWVKKVNVTMSAQPAKPIFAGQLPFGLSRISNIIAVSSCKGGVGKSTVAVNLAYTLAGMGARVGIFDADVYGPSLPTMVNPESRILEMNPEKKTIIPTEYMGVKLVSFGFAGQGRAIMRGPMVSGVINQLLTTTEWGELDYLVIDMPPGTGDIQLTLCQVAPLTAAVIVTTPQKLAFIDVAKGVRMFSKLKVPCVAVVENMCHFDADGKRYYPFGKGSGSEVVKQFGIPHLFDLPIRPTLSASGDSGTPEVVSDPLSDVARTFQDLGVCVVQQCAKIRQQVSTAVTYDKYLKAIRVKVPNSDEEFLLHPATVRRNDRSAQSVDEWTGEQKVLYGDVAEDIEPEDIRPMGNYAVSITWPDGFSQIAPYDQLEEIERLVDVPPLSPVEV"
"0	MASLCFQSPSKPISYFQPKSNPSPPLFAKVSVFRCRASVQTLVAVEPEPVFVSVKTFAPATVANLGPGFDFLGCAVDGLGDHVTLRVDPSVRAGEVSISEITGTTTKLSTNPLRNCAGIAAIATMKMLGIRSVGLSLDLHKGLPLGSGLGSSAASAAAAAVAVNEIFGRKLGSDQLVLAGLESEAKVSGYHADNIAPAIMGGFVLIRNYEPLDLKPLRFPSDKDLFFVLVSPDFEAPTKKMRAALPTEIPMVHHVWNSSQAAALVAAVLEGDAVMLGKALSSDKIVEPTRAPLIPGMEAVKKAALEAGAFGCTISGAGPTAVAVIDSEEKGQVIGEKMVEAFWKVGHLKSVASVKKLDNVGARLVNSVSR"
"0	MILLVNGGAATSIHPNAARFYRIGTMSRQIHGAVSSSKHISLKTQHPLSDSNSELAYGASGSETRVYTRKKRLKQEPFEPLEKYSGKGVNTHKLCGLPDIEDFAYKKTIGSPSSSRSTETSITVTSVKTAGYPPENWVEVLEGIRQMRSSEDAPVDSMGCDKAGSFLPPTERRFAVLLGALLSSQTKDQVNNAAIHRLHQNGLLTPEAVDKADESTIKELIYPVGFYTRKATYMKKIARICLVKYDGDIPSSLDDLLSLPGIGPKMAHLILHIAWNDVQGICVDTHVHRICNRLGWVSRPGTKQKTTSPEETRVALQQWLPKEEWVAINPLLVGFGQMICTPIRPRCEACSVSKLCPAAFKETSSPSSKLKKSNRSKEP"
"0	MILTGAASTFPIVARVLNAMNRRMYAATTLSSAKSISAESLNLRSDSNSEAAHGASESETRVSLRKKRIKQDDLEPVKKCSARETKARKDMCGLPDIEDSPYKKTNGTASSRTRKLNSYIKSTEASPSASSIKTAGLGIPPENWEKVLEGIRKMKPSEEAPVNAVECDRTGSFLPPKERRFYVLIGTLLSSQTKEHITGAAVERLHQNGLLTPEAIDKADESTIKELIYPVGFYTRKATNVKKVAKICLMEYDGDIPRTLEELLSLPGVGPKIAHLVLHVAWNDVQGICVDTHVHRICNRLGWVSKPGTKQKTSSPEETRVALQQWLPKGEWVAINFLLVGFGQTICTPLRPHCGTCSITEICPSAFKETPSTSSKLKKSIKSKKL"
"0	MAVSSSSFLSTASLTNSKSNISFASSVSPSLRSVVFRSTTPATSHRRSMTVRSKIREIFMPALSSTMTEGKIVSWIKTEGEKLAKGESVVVVESDKADMDVETFYDGYLAAIVVGEGETAPVGAAIGLLAETEAEIEEAKSKAASKSSSSVAEAVVPSPPPVTSSPAPAIAQPAPVTAVSDGPRKTVATPYAKKLAKQHKVDIESVAGTGPFGRITASDVETAAGIAPSKSSIAPPPPPPPPVTAKATTTNLPPLLPDSSIVPFTAMQSAVSKNMIESLSVPTFRVGYPVNTDALDALYEKVKPKGVTMTALLAKAAGMALAQHPVVNASCKDGKSFSYNSSINIAVAVAINGGLITPVLQDADKLDLYLLSQKWKELVGKARSKQLQPHEYNSGTFTLSNLGMFGVDRFDAILPPGQGAIMAVGASKPTVVADKDGFFSVKNTMLVNVTADHRIVYGADLAAFLQTFAKIIENPDSLTL"
"0	MQSAMALSFSQTSFTRPNHVLGSSGSVFSTPRSLRFCGLRREAFGFSTSNQLAIRSNRIQFLSRKSFQVSASASSNGNGAPPKSFDYDLIIIGAGVGGHGAALHAVEKGLKTAIIEGDVVGGTCVNRGCVPSKALLAVSGRMRELQNEHHMKSFGLQVSAAGYDRQGVADHANNLATKIRNNLTNSMKAIGVDILTGFGSVLGPQKVKYGKDNIITAKDIIIATGSVPFVPKGIEVDGKTVITSDHALKLESVPEWIAIVGSGYIGLEFSDVYTALGSEVTFIEALDQLMPGFDPEISKLAQRVLINPRKIDYHTGVFASKITPARDGKPVLIELIDAKTKEPKDTLEVDAALIATGRAPFTNGLGLENVNVVTQRGFIPVDERMRVIDGKGTLVPNLYCIGDANGKLMLAHAASAQGISVVEQVSGRDHVLNHLSIPAACFTHPEISMVGLTEPQAKEKGEKEGFKVSVVKTSFKANTKALAENEGEGIAKMIYRPDNGEILGVHIFGLHAADLIHEASNAIALGTRIQDIKLAVHAHPTLSEVLDELFKAAKVESHATTRTGDAKIKLNTNQEDRKGRRRGGDDEKQPSVSKDLKDISTRPSSFFENISVGVLSLLSLIFV"
"0	MSMELTVLGPLAGRSFAIAGKPKLLLLRPTNLPLLRLSLPLSLPNFSSSSRFNSPIVFAAQESNLSVSNENETSEWLMQDFYTLRKDVEIASARVEEIRASANLQQLEQEITNLESKATDTSFWDDRTKAQETLSSLNDLKDRMRLLSEFKTMVEDAETIVKLTEEMDSTDVSLLEEAMGIIKELNKSLDKFELTQLLSGPYDKEGAVVYITAGAGGTDAQDWADMLLRMYMRWGEKQRYKTKVVEMSNGEEAGIKSATLEIEGRYAYGYISGEKGTHRIVRQSPFNSKGLRQTSFSGVEVMPLLPEEAVGIEIPEEDLDISFTRAGGKGGQNVNKVETAVRITHIPTGVAVRCTEERSQLANKTRALIRLKAKLMVIAEEQRATEIKEIRGDAVKAEWGQQIRNYVFHPYKLVKDVRTGHETSDITSVMDGDLDPFIKAYLKHKYTLAMASAVTN"
"0	MASSSTSFPLTTAPPQGVRFNRRKPRLTVWAKQTAFQLGKTKGDDDSEGKQKGKNPFQFDFGKLPDMKSLIPVVTNPSTGLVFGNNRKKDPGTIFVAGATGQAGIRIAQTLLQRGFSVRAGVPDLGAAQDLARVAATYKILSNDEVKRLNAVQSPFQDAESIAKAIGNATKVVVTVGATENGPDAQVSTSDALLVVQAAELAGVSHVAIVYDGTISGSTYNVLDGITSFFGNLFAKSQPLTISDLIEKVAQTDVAYTLIKTSLTEDFSPEKAYNVVVSAEGSNSGSGSSSSEAYKVPKLKIASLVADIFANTAVAENKVVEVSTDPSAPSRPVDELFSVIPEDGRRKVYADAIARERAEEEAKVAADKAREAAEAAKEFEKQMQKLSEKEAEAASLAEDAQQKADAVGVTVDGLFNKAKDISSGLSWNKLGSQFATAIQNASETPKVQVATVRGQAKARNLPPKKAVVKQRPSSPFASKPKEERPKKPEKEVRKVFGGLFKQETIYIDDD"
"0	MGCVPRIEFGCSSQSLTLSWNLRAWNLCRLNTISHFQKLPYPLVASTRKHYKNSLLLKRFLVGVGTEESSLSEDLLDESLSRPLTSDELKSLLIDTERSKLVKKLSEANQQNRFLKRQLKTQEHEITNIKTELALMELEVQALVKLAEEIANLGIPQGSRKISGKYIQSHLLSRLDAVQKKMKEQIKGVEAAQSKEVHVFWIGMAESVQVMGSFDGWSQREDLSPEYSALFTKFSTTLFLRPGRYEMKFLVDGEWQISPEFPTSGEGLMENNVLVVE"
"0	MALLCSALSNSTHPSFRSHIAGANSENLWHLSAHPAQKSKRRCNLTLSSRAAARISSALESGKLKPWQIPKRDWFPPEFTFGAASAAYQIEGAWNEGGKGPSSWDNFCHNYPERIMDGSNWDVAANSYYMYKEDVRMLKEIGMDSYRFSISWPRILPEGTLEGGINHEGIQYYNDLLDCLIENGIKPYITLFHWDTPQALADKYNDFLDRRIVKDYTDYATVCFEHFGDKVKNWITFNEPHSFCGLAYGTGLHAPGLCSPGMDCAIPQGDALRQPYIVGHNLLLAHAETVDVYKKFYKGDDGQIGMVMDVMAYEPYGNNFVDQQAQERSIDFHIGWFLEPMVRGDYPFSMRSLVGDRLPFFTKSEQEKLVSSYDFVGINYYTARFSEHIDISPEIIPKLNTDDAYSTPEFNDSNGIPIGPDLGMYWILSYPKGLKDILLLMKEKYGNPPIYITENGTADMDGWGNPPMTDPLDDPLRIEYLQQHMTAIKEAIDLGADVRGHFTWSLIDNFEWSMGYLSRFGIVYIDRNDGFKRIMKKSAKWLKEFNGATKEVNNKILGASSCCSGELMWFLVQNPYGK"
"0	MISLPLTTPILPSRCLLHKTRRQNSTRRRLLIRSSSSLQDQFTVETTKRVVLVRHGQSTWNEEGRIQGSSDFSVLTKKGESQAEISRQMLIDDSFDVCFTSPLKRSKKTAEIIWGSRESEMIFDYDLREIDLYSFQGLLKKEGKEKFGEAFKQWQEDPANFIIDGHYPVRELWSRARSCWPGILAHESKSVLVVAHNAVNQALLATAIGLGTEYFRSLLQSNCGVSVLDFIPRADGGSPHVCLNRLNQTPNSPLAGGSSGGRKASKQIILVCHGQGNNEDSAVINQAANNDQAMNMLGVIHSQKTAELLLDLRVSSIVCSPKTASIESSGVISRVQEAAGCLGVDNVPHYVKTKQMNELDVESVLRKSNKDNDVIASQLDEEAFSALWNRSEKAWESLLDELSDEKSNPGEIMVVVGPAMTHISLIAQCLNLTKEALGLFHLDAGSISVIDFPDGPSSKGVIRCTNYTAHLGRWSIPITKPA"
"0	MECSLQKQLFNNGDKLFSSRHNRRVSIEQVHVTDSLSVNSINLFHKPICYPISSIITSRKSKSHFSVCATRRRRVHSNSDTYVLLEAGQDEQFVTEDELKAKLRGWLENWPVNSLPPDLARFDDLDEAVDFLVKAVCELEIDGEVGSVQWYQVRLE"
"0	MATKAVLLPWLIPSPRHVSLFPVVQLPALETAGWCVRKRRAEDVAVSVAFNPSGNFDISAFENDQDSDKVEPPMPPTTGRYEVVIDNDSIGRLDLSPFQRAIGITSPDDFGVAEPKRYLDRTIGFTINYKREDPGDPRELSEYPDVRLWFVRLDAMYPWLPLLLDWRAGELARYAAMLVPHQMSLRMGVVFNPEALELFVMNKVFVVYPWLKRHGVPKPRLKTSDMARMLGFGIGDELFDLIDHNE"
"0	MAYSLPTFPQALPCSSTKTSSSLATFRSPFLRFNGSTSLIPSSISITSRGTSSPTIIPRAAASESDSNEALANTTFHGLCYVLKDNIDTDQIIPAGAACTFPSNQQERDEIAAHALSGLPDFHKTRFIEPGENRSKYSIIIGGENFGCGSSREHAPVCLGAAGAKAIVAESYARIFFRNSVATGEVFPLESEVRVCEECKTGDTVTIELSDSGGLLTNHTTGKNYKLKSIGDAGPVIDAGGIFAYARMMGMIPSLA"
"0	MATSQQFLNPTLFKSLASSNKNSCTLCPSPFLQLKSASTIFNYKPLTSSSATIITRVAASSSDSGESITRETFHGLCFVLKDNIDTDQIIPAEYGTLIPSIPEDREKLGSFALNGLPKFYNERFVVPGEMKSKYSVIIGGDNFGCGSSREHAPVCLGAAGAKAVVAESYARIFFRNCVATGEIFPLESEVRICDECKTGDVVTIEHKEDGSSLLINHTTRKEYKLKPLGDAGPVIDAGGIFAYARKAGMIPSA"
"0	MAASLQSANPTLSRTLASPNKPSSFATFRSPFLRFNSTSVASNFKPLVSREASSSFVTRSAAEPQERKTFHGLCYVVGDNIDTDQIIPAEFLTLVPSNPEEYEKLGSYALVGLPASYKERFVQPGEMKTKYSIIIGGENFGCGSSREHAPVCLGAAGAKAVVAQSYARIFFRNSVATGEVYPLDSEVRVCDECTTGDVATVELREGDSILINHTTGKEYKLKPIGDAGPVIDAGGIFAYARKAGMIPSAAA"
"0	MAMAIAMLPALFSSPSILTSRIRCGATANSGGAISSTSSNSDPRRGVPLYKPKSYEVLATDAANSLAFALQDSKSRLEIDFPPLPSSISSYKGSSDDFIDANIQLAVTVVRKLQEKIETRACIVFPDKPEKRRASQRFKAAFDSVDGISIGSLDDIPGTSVTNFFRSIRSTLDFDFEDENEGTWEPKEPPTLYIFINCSTRELSFIEKFVETFASSTPALLFNLELDTLRADLGLLGFPPKDLHYRFLSQFIPVFYIRTREYSKTVAVAPFVLNYNGALFRQYPGPWQVMLKQTDGSFACVAESPTRFTLGETKEELLQVLGLQEEKGSSLEFLRRGYKSATWWEEDVELEASSNWRN"
"0	MAAKIIGGCCSWRRFYRKRTSSRFLIFSVRASSSMDDMDTVYKQLGLFSLKKKIKDVVLKAEMFAPDALELEEEQWIKQEETMRYFDLWDDPAKSDEILLKLADRAKAVDSLKDLKYKAEEAKLIIQLGEMDAIDYSLFEQAYDSSLDVSRSLHHYEMSKLLRDQYDAEGACMIIKSGSPGAKSQIWTEQVVSMYIKWAERLGQNARVAEKCSLLSNKSGVSSATIEFEFEFAYGYLLGERGVHRLIISSTSNEECSATVDIIPLFLRASPDFEVKEGDLIVSYPAKEDHKIAENMVCIHHIPSGVTLQSSGERNRFANRIKALNRLKAKLLVIAKEQKVSDVNKIDSKNILEPREETRSYVSKGHKMVVDRKTGLEILDLKSVLDGNIGPLLGAHISMRRSIDAI"
"0	""MAKLLLLHAPHVIPRFSSSSSRSLVSAAALYRRPLLVNPQFSHIGPRLHSPYNRRFSARA"
FDDSPASSAEMEKEKQEQLLDGVSGKKDEDYPTGEMEYENRNAWEIFVVKFRMLFAYPWQ
RVRKGSVLTMTLRGQISDQLKSRFNSGLSLPQLSENFVKAAYDPRIAGVYLHIDPLSCGW
GKVEEIRRHILNFKKSGKFIVGYISICGLKEYYLGCACNELFAPPSAYSFLYGLTVQASF
LGGVFEKVGIEPQVQRIGKYKSAGDQLSRKSISEENYEMLSVLLDNIYSNWLDGVSDATG
KKREDVENFINQGVYEIEKLKEAGLIKDIRYDDEVITMLKERLGVEKDKKLPTVDYKKYS
GVKKWTLGLTGGRDQIAIIRAGGSISRVKGPLSTPGSAIIAEQLIEKIRSVRESKKYKAA
IIRIDSPGGDALASDLMWREIKLLAETKPVIASMSDVAASGGYYMAMAANAIVAENLTLT
GSIGVVTARFTLAKLYEKIGFNKETISRGKYAELLGAEERPLKPEEAELFEKSAQHAYQL
FRDKAALSRSMPVDKMEEVAQGRVWTGKDAHSRGLIDAVGGLSRAIAIAKQKANIPLNKK
VTLVELSRPSTSLPDILSGIGSSVIGVDRTLKGLLDELTITEGVQARMDGIMFQQLGRDS
"LATPIIDMLKDYLSSLR"""
"1	MTEKKEMEVVKGLNVERYMGRWYEIASFPSRFQPKNGVDTRATYTLNPDGTIHVLNETWSNGKRGFIEGSAYKADPKSDEAKLKVKFYVPPFLPIIPVTGDYWVLYIDPDYQHALIGQPSRSYLWILSRTAQMEEETYKQLVEKAVEEGYDISKLHKTPQSDTPPESNTAPEDSKGVWWFKSLFGK"
"1	MLLNISSSPISHRNPHFLSNFNNPISYFPRRSKTHLSKSHFFPKFTPLSNQSLKNRVLFGNKRYPDGERFDFRSRAISGIDLGSFESVLEAIAVLTTIIVVHESGHFLAASLQGIHVSKFAIGFGPILAKFDYNNVEYSLRAFPLGGFVGFPDNDPDSEIPIDDENLLKNRPTLDRSIVVSAGIIANVIFAYAIIFVQVLSVGLPVQEAFPGVLVPEVKTFSAASRDGLLSGDVILAVDGTELSKTGPDAVSKIVDIVKRNPKSNVVFRIERGGEDFDIRVTPDKNFDGTGKIGVQLSPNVRITKVRPRNIPETFRFVGREFMGLSSNVLDGLKQTFFNFSQTASKVAGPVAIIAVGAEVARSNIDGLYQFAALLNINLAVINLLPLPALDGGTLALILLEAVRGGKKLPVEVEQGIMSSGIMLVIFLGLFLIVKDTLSLDFIKEML"
"1	MLLNISSSPISHRIPHFLSDFNNPTSNFPPKSKTHLPKSNLSTLSNHSLYGTKNRAFYKNKRNPYNRTQALGRFDFGSLESVLEASAVLTAIIVVHETGHFLAASLQGIRVSKFAIGFGPILAKFNSNNVEYSLRAFPLGGFVGFPDNDPDSDIPVDDRNLLKNRPILDRVIVVSAGIVANVIFAYAIIFTQVVSVGLPVQESFPGVLVPDVKSFSAASRDGLLPGDVILAVDGTELSNSGSDSVSKVVDVVKRNPEHNVLLRIERGKESFEIRITPDKSFDGTGKIGVQLSPNVRFGKVRPKNIPETFSFAGREFFGLSYNVLDSLKQTFLNFSQTASKVAGPVAIIAVGAEVARSNADGLYQFAALLNLNLAVINLLPLPALDGGTLALILLEAVRGGRKLPLEVEQGIMSSGIMLVLFLGLFLIVKDTLNLDFIKEML"
"1	MANNEEHPPRGNEWEVVSLTSSAYAAAPGPYNVESRDVRKYDAYYGAETSRDLYMSEHFVFPPSEHENLPIDESLFVAEQRKDGRDLMLEGQGLSDQFHYEAGNNQQSIYGESALGSSRHMESFGSESAVYEHGLVDAEGNLDLHSDGEGEKDVKKSTHNLPCEAWWKRRAISMYSRTREANAIWSLFFAAAVTGLVVLGQRWQQERWQVLQLKWQSSISSEKLGRVLEPLSRLKDVIVRSNPQASLVRSGSSSEV"
"1	MASLMLNGAITFPKGLGSPGSNLHARSIPRPTLLSVTRTSTPRLSVATRCSSSSVSSSRPSAQPRFIQHKKEAYWFYRFLSIVYDHVINPGHWTEDMRDDALEPADLSHPDMRVVDVGGGTGFTTLGIVKTVKAKNVTILDQSPHQLAKAKQKEPLKECKIVEGDAEDLPFPTDYADRYVSAGSIEYWPDPQRGIREAYRVLKIGGKACLIGPVYPTFWLSRFFSDVWMLFPKEEEYIEWFKNAGFKDVQLKRIGPKWYRGVRRHGLIMGCSVTGVKPASGDSPLQLGPKEEDVEKPVNNPFSFLGRFLLGTLAAAWFVLIPIYMWIKDQIVPKDQPI"
"1	MATFAELVLSTSRCTCPCRSFTRKPLIRPPLSGLRLPGDTKPLFRSGLGRISVSRRFLTAVARAESDQLGDDDHSKGIDRIHNLQNVEDKQKKASQLKKRVIFGIGIGLPVGCVVLAGGWVFTVALASSVFIGSREYFELVRSRGIAKGMTPPPRYVSRVCSVICALMPILTLYFGNIDILVTSAAFVVAIALLVQRGSPRFAQLSSTMFGLFYCGYLPSFWVKLRCGLAAPALNTGIGRTWPILLGGQAHWTVGLVATLISFSGVIATDTFAFLGGKTFGRTPLTSISPKKTWEGTIVGLVGCIAITILLSKYLSWPQSLFSSVAFGFLNFFGSVFGDLTESMIKRDAGVKDSGSLIPGHGGILDRVDSYIFTGALAYSFIKTSLKLYGV"
"1	MHFFFVPNSSSSSPSPANTSSFSLSFLTPQIPENLCKSPTKIHIGTHGISGQSFLSHPTFSSKNTYLYAVVDRSSSGVFSPQKESANGEGEESNTEEGVLVVRRPLLENSDKESSEEEGKKYPARIDAGLSNIAKKMPIFEPERSESSSSSSAAAAARAQERPLAVNLDLSLYKAKVLARNFRYKDAEKILEKCIAYWPEDGRPYVALGKILSKQSKLAEARILYEKGCQSTQGENSYIWQCWAVLENRLGNVRRARELFDAATVADKKHVAAWHGWANLEIKQGNISKARNLLAKGLKFCGRNEYIYQTLALLEAKAGRYEQARYLFKQATICNSRSCASWLAWAQLEIQQERYPAARKLFEKAVQASPKNRFAWHVWGVFEAGVGNVERGRKLLKIGHALNPRDPVLLQSLGLLEYKHSSANLARALLRRASELDPRHQPVWIAWGWMEWKEGNTTTARELYQRALSIDANTESASRCLQAWGVLEQRAGNLSAARRLFRSSLNINSQSYVTWMTWAQLEEDQGDTERAEEIRNLYFQQRTEVVDDASWVTGFLDIIDPALDTVKRLLNFGQNNDNNRLTTTLRNMNRTKDSQSNQQPESSAGREDIETGSGFNLDVFLRSKLSLDPLKLDVNLDSKRLERFTRGRINGA"
"1	MPFAPSLLSSSSSVSQFLPRFPNATRFNVTPRSRAATVVAASVTDLAGVDSTTIAVLGGGSVAALAAMVSLTDPERRRKLQAEEVGGGDKEVVREYFNSTGFERWRKIYGETDEVNRVQKDIRLGHAKTVENTMLMLTEDRSLAGVTVCDAGCGTGLLSIPLAKEGAIVSASDISAAMVAEAEMKAKAQLPSENLPKFEVNDLESLTGKYDTVVCLDVLIHYPQNKADGMIAHLASLAEKRVILSFAPKTFYYDILKRIGELFPGPSKATRAYLHSEADVERALGKVGWKISKRGLTTTQFYFSRLIEAVPM"
"1	MDTVLMATTPPIRCLHASIPTVFRSPAIYQVSCRSSQLFSYRSTTMMSMCFLRRSDLRSRFLSTPKTTSPMRRPRFSVGASTEESSIPSNRNLIVANSVVIVALAVANRVLYKLALVPMKQYPFFMAQLTTFGYVLIYFTILYTRRRLGIVTNEMMDVPKWRFAIIGFLEALGVATGMAAAAMLPGPVIPILNQTYLVWQLLFALLILGRRFLLNQIAGCLLVAVGVVVAVSSGSGADTTLSGIGFLWPAVLVASAAFQAGASIIKEFVFNDAAKRLEGKSLDIFVVNSFGSGFQALFVFLLLPFLSNLKGIPFASLPSYLKDGAGCFFNTGAKISGCDGAPILPLLYISTNLAFNISLLHLVKISSAIVSSLTMMLSVPLAVYIMSKPLPYLPGGSSLSSNFTMGCIVLVLGLLLYNIPTTPTKQHTKTS"
"1	MATTSRRFTTGLFASITSVKSHSANRPQSISLIRRNHIDHRLPLIVPSSRRWIIQAARSWDGFDDGAEAEIKKPGAYGYAIGDNEIEGSSSSTVHVIDGEHVKTAEIVIWAAVTAAFGVGNRVMYKLALVPLKEYPFFLAQLSTFGYVAVYYTILYFRYRAGTVTDAMLSVPKSPFLIVGILEALAAAAGMAAAANLSGPSTTVLSQTFLVWQIFFSIIFLGRRYSVNQILGCTLVALGVIVSVASGSGAAHSLNEAGVLWILLMVLSFLLQGAGTVLKEVIFIDSQRRLKGASLDLFIVNSYGSAFQAICIALLLPFLSKLWGIPFNQLGTYLKDGAVCFLNNGTITKGCDGAPFLPLLFVIMNIGYNIALLRLLKISSAVVSCLASTVSVPIAVFLFTMPLPYLGVASSLPKGFMGGTIILVLGMILYSWTPHGANSSHTDSVIPSPPPT"
"1	MSSSLLLSGSTVSSSFIAPSKPSLVRNSSKTSLLPFRNVSRSFKTVKCTVDSSYGGNVPTFPRTRVWDPYKRLGVSPYASEEEIWASRNFLLQQYAGHERSEESIEGAFEKLLMSSFIRRKKTKINLKSKLKKKVEESPPWLKALLDFVEMPPMDTIFRRLFLFAFMGGWSIMNSAEGGPAFQVAVSLAACVYFLNEKTKSLGRACLIGIGALVAGWFCGSLIIPMIPTFLIQPTWTLELLTSLVAYVFLFLSCTFLK"
"1	MGTESGSDPESSSNGWSRARGLVVKTLVLIGGALLIKRLTKSTTRRDHARVVSRSLTGEKFTREQASRDPDNYFNIRMLSCPAAEMVDGSEVLYLEQAFWRTPQKPFRQRLYMVKPCPKELKCDVEVSSYAIRDAEEYKNFCDRPKDQRPLPEEVIGDIGEHLTTIHLNCCDRGKRCLYEGSTSPGGFPNSWNGASYCTSDLAVLKNNEIHLWDRGFDENRNQVWGPKEGPYEFKPATSSSINENLSALNILYQSSIDKPIQGSLILQD"
"1	MPTLTKLYSMEEAATHNKQDDCWVVIDGKVYDVSSYMDEHPGGDDVLLAVAGKDATDDFEDAGHSKDARELMEKYFIGELDESSLPEIPELKIYKKDQPQDSVQKLFDLTKQYWVVPVSIITISVAVSVLFSRKT"
"1	MAAAAAALASSPMVHLTASRLRLPRPARSPAAATPSPSPASAACCSRGAACGLEWRPKSGLRALRRCEDRLRCFSIDGGGGGGGGGGGGTGGEDGEKRGEEEAAAAAEAKVGGAVEEMRSERTRSGSFSSSSSSSSGTPGISNEPPFLSFSVDNIDTVKLLELLGPEKVDSADVKAIKEKLFGYTTFWLTREEPFGDLGEGVLFIGNLRGKREEIFAKLQQQLRELTGDKYNLFMVEEPNSEGEDPRGGPRVSFGLLRREVSEPGPTTLWQYVISLLLFLLTVFSCVELGIASKISSLPPEIVTYFTDPNATGPPPDMQLLLPFVESALPVAYGVLAIQLFHEVGHFLAAFPKKVKLSIPFFIPNFTLGTFGAITQFKSILPDKKTMFDISMAGPLAGAALSFSMFSVGLLLSSNPAGASDLVEVPSKLFQGSLLLGLVSRATLGYRAMHAATVAIHPLVIAGWCGLTTTAFNMLPVGCLDGGRALQGAFGKDALFGFGLTTYSLLGLGVLGGPLSLPWGLYVLICQRTPEKPCLNDVSDVGTWRRAALIVSVFLVVLTLIPLWDELAEDLGVGLVTSF"
"1	MQLPAMSCSPSQSSAAAAAAAYGCCQRILLASTSLPATGRPARLGLKLRSTHSLQIRNRRFVCQAMTETEPDGDGNGDEEKEELGDDASSPSVDSVTQENGSAESETNADNTKDETVNTEPLSSSDTVQNIDGDATPASDAQENVEVVDVAVGSPLPGMKQQLDESVRIPKATIDILKDQVFGFDTFFVTSQEPYEGGILFKGNLRGQPAKSYEKITNRLQNKFGDQYKLFLLINPEDDKPVAVVVPRQTLQPETTAVPEWFAAASFGVVTIFTLLLRNVPLLQDNLLSTFDNLELLKDGVYGALVTAAIIGVHEIAHILAARDTGIKLAVPYFVPSWQIGSFGAITRIVNIVRNREDLLKVAAAGPLAGFSLGFVLLLLGFILPPSDGLGLVIDPAVFHESFLVGGLAKLILGDALKEGTKLSINPLVLWAWAGLLINAINSIPAGELDGGRIAFAMWGRKISSRISSLAIGLLGISALFNDVAFYWVVLIFFLQRGPISPLSEEITEPENNYISIGVAILLFGLLVCLPYPFPFDPSQLTDFDL"
"1	MGTLTSVAFAAAVNIRFRSFHRENIKTTITTLPKWQKRLCFSSTEDSHRFRIAKCLGNDENSNRDDSIGENGETHKSSVVKTATFEEEDEETSKSSSTTSSSNEFGSDKTSMPSTIDPTYSSFQIDSFKLMELLGPEKVDPADVKLIKDKLFGYSTFWVTKEEPFGDLGEGILFLGNLRGKKEDVFAKLQRKLVEVASDKYNLFMIEEPNSEGPDPRGGARVSFGLLRKEVSEPGPTTLWQYVIALILFLLTIGSSVELGIASQINRLPPEVVKYFTDPNAVEPPDMELLYPFVDAALPLAYGVLGILLFHELGHFLAAVPKKVKLSIPYFIPNITLGSFGAITQFKSILPDRSTKVDISLAGPFAGAALSVSMFAVGLFLSTEPDAANDLVQVPSMLFQGSLLLGLISRATLGYAALHAATVSIHPLVIAGWCGLTTTAFNMLPVGCLDGGRAVQGAFGKNALVTFGLSTYVMLGLRVLGGPLALPWGLYVLICQRTPEKPCLNDVTEVGTWRKALVGIALILVVLTLLPVWDELAEEVGIGLVTTF"
"1	MASSSLVTSLLFSSSSSSNTATSTSSRRSFSLFSKNQYCKPRPLRRSSSRLLVRCSLQQQQEEKAAPAAESHHAGGGQDDAATASHHAVEGENGVADADGGGVKKSKEELEEEEQQEVDWRSDEEFKRFMGNPSIEAAIKLEKKRADRKLRELDREPDANPLAGLLRGLARGQLAREKERLELAENTFKALDLNKLKSCFGYDTFFAVDVRRFGDGGIFIGNLRKPVEEVRPKLEKKIAEAAGTDVTLWFMEEKNDDITKQVCMVQPKAEIDLQLEITKLSTPWGYLSAVALAVTTFGTIAIMSGFFLKPGATFDDYVSDVLPLFAGFLSILGVSEIATRLTAARYGVKLSPSFLVPSNWTGCLGVMNNYESLLPNKKALFDIPVARAASAYLTSVALAVSAFVSDGSLNGGKNALFVRPEFFYNNPLLSFVQAVIGPYADELGNVLPNAVEGVGVPVDPLAFAGLLGIVVTSLNLLPCGRLEGGRIAQALFGRGAAAVLSFATSVALGAGAIIGGSVLCLAWGLFATFVRGGEEIPAQDEITPLGSERYAWGLVLAVVCLLTLFPNGGGTYSSDFLGAPFFRGGI"
"1	MATFNVLCSNRFRFNGGYSPEKFNRKVSSRSSELNVCVSRIRTQSFSCRRLGGFMEIGETRLGVIRVHGDSRNRFSCNSEIKRLVTGDYGDKETRIGENGRNKGKRRRFSLRLRPRLRLVRMRLGRFDFRASMEDFRYFLKKNLKRVILSTGVALIFGLCYLFLRLTAVPSPSIVPYSDFVTNLRGGSVSKVLLEEGSRRIYYNTDENVEVVDDVHKSETLEDPAIQIDGGTVTEAVTKDDTPRKVRALPPVWKYVTRKVDHDEKFLLSLMREKGITYSSAPQSALMSMRTTLITIISLWIPLTPLMWLLYRQLSASNSPAKKRRSKNPTVGFDDVEGVDSAKDELVEIVSCLQGSINYKKLGARLPRGVLLVGPPGTGKTLLARAVAGEAGVPFFSVSASEFVELFVGRGAARIRDLFNAARKNSPSIIFIDELDAVGGKRGRSFNDERDQTLNQLLTEMDGFESDTKVIVIAATNRPEALDSALCRPGRFSRKVLVAEPDQEGRRKILAIHLRDVPLEEDAFLICDLVASLTPGFVGADLANIVNEAALLAARRGGEAVAREDIMEAIERAKFGINDKEARPRTLGNELSKMFPWMPSLARRNGPDQDGLQGPLGYQTLS"
"1	MACRFPLHSSSPSQFLSPENRQRLPRNYPSISCQNNSATNVVHEDGDDNDKAKTNQVNLLAIPITLTIISASLAKPSFAAAKVTERKRTQKKPQEALTLEQLKAWSKDLPVVSNRIPYTDILSLKAEGKLKHVIKPPNLSLRQKAEPVLVVLEDSRVLRTVLPSLEGNKRFWEQWDELGIDVQCVNAYTPPVKRPPVPSPYLGFLWKVPAYMLTWVKPKKESKRAAELKRMREDFKRQRKEEIETMKEERVMMEKTMKAQKKQQERKKRKAVRKKKYEESLREARKNYRDMADMWARLAQDPNVATALGLVFFYIFYRVVVLNYRKQKKDYEDRLKIEKAEADERKKMRELEREMEGIEEEDEEVEEGTGEKNPYLQMAMQFMKSGARVRRASNKRLPEYLERGVDVKFTDVAGLGKIRLELEEIVKFFTHGEMYRRRGVKIPGGILLCGPPGVGKTLLAKAVAGEAGVNFFSISASQFVEIYVGVGASRVRALYQEARENAPSVVFIDELDAVGRERGLIKGSGGQERDATLNQLLVSLDGFEGRGEVITIASTNRPDILDPALVRPGRFDRKIFIPKPGLIGRMEILQVHARKKPMAEDLDYMAVASMTDGMVGAELANIVEIAAINMMRDGRTELTTDDLLQAAQIEERGMLDRKDRSLETWRQVAINEAAMAVVAVNFPDMKNIEFLTINPRAGRELGYVRVKMDHIKFKEGMLSRQSILDHITVQLAPRAADELWYGEDQLSTIWAETSDNARSAARSLVLGGLSDKHHGLNNFWVADRINDIDVEALRILNMCYERAKEILGRNRTLMDEVVEKLVQKKSLTKQEFFTLVELYGSSKPMPPSILELRKIKRLELEEMVLKLDMTTARNSS"
"1	MDFISASSLSSPFSTQLSPIYLSSGIVSLKPRHRVKNRNFGSRESNNKSRKIVPIRGCFGFSGSFLRSKQSDYGSEAVSESLRLCGEGNELVLSSEYNSAKTRESVIQFVTKPLVYALFCIAIGLSPIRSFQAPALAVPFVSDVIWKKKKERVREKEVVLKAVDHEFSDYTRRLLETVSVLLKTIEIVRKENGEVAEVGAALDAVKVEKEKLQKEIMSGLYRDMRRLRKERDLLMKRADKIVDEALSLKKQSEKLLRKGAREKMEKLEESVDIMESEYNKIWERIDEIDDIILKKETTTLSFGVRELIFIERECVELVKSFNRELNQKSFESVPESSITKLSRSEIKQELVNAQRKHLEQMILPNVLELEEVDPFFDRDSVDFSLRIKKRLEESKKLQRDLQNRIRKRMKKFGEEKLFVQKTPEGEAVKGFPEAEVKWMFGEKEVVVPKAIQLHLRHGWKKWQEEAKADLKQKLLEDVDFGKQYIAQRQEQVLLDRDRVVSKTWYNEDKSRWEMDPMAVPYAVSRKLIDSARIRHDYAVMYVALKGDDKEFYVDIKEYEMLFEKFGGFDALYLKMLACGIPTSVHLMWIPMSELSLQQQFLLVTRVVSRVFNALRKTQVVSNAKDTVLEKIRNINDDIMMAVVFPVIEFIIPYQLRLRLGMAWPEEIEQTVGSTWYLQWQSEAEMNFKSRNTEDFQWFLWFLIRSSIYGFVLYHVFRFLKRKVPRLLGYGPFRRDPNVRKFWRVKSYFTYRKRRIKQKRKAGIDPIKTAFDRMKRVKNPPIPLKNFASIESMREEINEVVAFLQNPKAFQEMGARAPRGVLIVGERGTGKTSLALAIAAEARVPVVNVEAQELEAGLWVGQSAANVRELFQTARDLAPVIIFVEDFDLFAGVRGKFVHTKQQDHESFINQLLVELDGFEKQDGVVLMATTRNHKQIDEALRRPGRMDRVFHLQSPTEMERERILHNAAEETMDRELVDLVDWRKVSEKTTLLRPIELKLVPMALESSAFRSKFLDTDELLSYVSWFATFSHIVPPWLRKTKVAKTMGKMLVNHLGLNLTKDDLENVVDLMEPYGQISNGIELLNPTVDWTRETKFPHAVWAAGRALITLLIPNFDVVENLWLEPSSWEGIGCTKITKVTSGGSAIGNTESRSYLEKKLVFCFGSHIASQMLLPPGDENFLSSSEITKAQEIATRMVLQYGWGPDDSPAVYYATNAVSALSMGNNHEYEMAGKVEKIYDLAYEKAKGMLLKNRRVLEKITEELLEFEILTHKDLERIVHENGGIREKEPFFLSGTNYNEALSRSFLDVGDPPETALLSAPT"
"1	MASIDNVFSLGTRFSIPENPKRSILKHATTSSFSARTQTRWRAPILRRSFTVLCELKTGSSSSGETNNSPAADDFVTRVLKENPSQVEPRYRVGDKLYNLKEREDLSKGTNAATGAFEFIKRKFDSKKKTETDKSEESVYLSDILREYKGKLYVPEQVFGPELSEEEEFEKNVKDLPKMSLEDFRKAMENDKVKLLTSKEVSGVSYTSGYRGFIVDLKEIPGVKSLQRTKWSMKLEVGEAQALLKEYTGPQYEIERHMTSWVGKVADFPNPVASSISSRVMVELGMVTAVIAAAAVVVGGFLASAVFAVTSFAFVTTVYVVWPIAKPFLKLFVGVFLGVLEKSWDYIVDVLADGGIFSRISDFYTFGGVASSLEMLKPILLVVMTMVLLVRFTLSRRPKNFRKWDLWQGIAFSQSKAEARVDGSTGVKFADVAGIDEAVDELQELVKYLKNPDLFDKMGIKPPHGVLLEGPPGCGKTLVAKAIAGEAGVPFYQMAGSEFVEVLVGVGSARIRDLFKRAKVNKPSVIFIDEIDALATRRQGIFKENSDQLYNAATQERETTLNQLLIELDGFDTGKGVIFLGATNRRDLLDPALLRPGRFDRKIRVRPPNAKGRLDILKIHASKVKMSDSVDLSSYASNLPGWSGAKLAQLVQEAALVAVRKTHNSILQSDMDDAVDRLTVGPTRIGLELGHQGQCRRATTEVGVAITSHLLLRYENAKIERCDRVSIIPRGQTLSQVVFHRLDDESYMFGRLPQLLHRLQVLLGGRAAEEVIYGSDTSKASVDYLSDASWLARKILTIWNLENPMVIHGEPPPWRKRPQFVGPRLDFEGSLYDDYDLVEPPVNFNMDDEVAHRSEELISQMYNKTVSLLRQNQTALLKTVKVLLNQKEISGEAIDFILDHYPPQTPLNSLLQEQNPGSLPFVPEHLRRESGDFVLVNHSTDVNAQV"
"1	MRTLISHRQCVTSPFLISAASPPFPGRCFKLSSFTPPRHRRFSSLSIRNISHESADQTSSSRPRTLYPGGYKRPELAVPGLLLRLDADEVMSGNREETLDLVDRALAKSVQIVVIDGGATAGKLYEAACLLKSLVKGRAYLLIAERVDIASAVGASGVALSDEGLPAIVARNTLMGSNPDSVLLPLVARIVKDVDSALIASSSEGADFLILGSGEEDTQVADSLLKSVKIPIYVTCRGNEEAKEELQLLKSGVSGFVISLKDLRSSRDVALRQSLDGAYVVNNHETQNMNELPEKKNSAGFIKLEDKQKLIVEMEKSVLRETIEIIHKAAPLMEEVSLLIDAVSRIDEPFLMVIVGEFNSGKSTVINALLGKRYLKEGVVPTTNEITFLCYSDLESEEQQRCQTHPDGQYVCYLPAPILKDINIVDTPGTNVILQRQQRLTEEFVPRADLLVFVLSADRPLTESEVAFLRYTQQWKKKFVFILNKSDIYRDARELEEAISFVKENTRKLLNTENVILYPVSARSALEAKLSTASLVGRDDLEIADPGSNWRVQSFNELEKFLYSFLDSSTATGMERIRLKLETPMAIAERLLSSVEALVRQDCLAAREDLASADKIISRTKEYALKMEYESISWRRQALSLIDNARLQVVDLIGTTLRLSSLDLAISYVFKGEKSASVAATSKVQGEILAPALTNAKELLGKYAEWLQSNTAREGSLSLKSFENKWPTYVNSKTQLGIDTYDLLQKTDKVSLKTIQNLSAGTTSKRLEQDIREVFFVTVGGLGAAGLSASLLTSVLPTTLEDLLALGLCSAGGYVAIANFPYRRQAIIGKVNKVADALAQQLEDAMQKDLSDATSNLVNFVNIVAKPYREEAQLRLDRLLGIQKELSDIRSKLQLLQVDIDNLHVSRDEMRL"
"1	MVSNCLSLSLHLNLHPHKHNRHSLSSLRSRTKAKLYQHVSFTDSSHKSSYTSCVSTFDIQRKSSKHYELGKHSFSPILPGDNLVLSRSGVIRPRLSAMTGSEINDHGYDESQFDPSLTNDDLKPTTPSQRTFSWLDMSSLWIGLVVGVPTYYLAGSLVDLGMAWWQGIATVVTANLILLVPLVLTAQPGTLYGISFPVLARSSFGIRGAHIPTLLRALVGCGWYGIETWIGGEAIFLLLPGHIKKSALSHTLPWLGTSPLEFSCFIVFWLAQLCIVWRGMDGIRKLEKYSAPILISLTSCLLAWSYLKAGGFGHMLSLSSKLTSAQFWTLFFPSLTANISFWATLALNIPDFSRFAKSQTDQIIGQVGLPVFMGLFTFVGVAVTSSTSIIFGRVISNPIELLGQIGGLATTLLAIVGISLATLTTNIAANVVAPANALVNLNPKFFTFGRGAFLTAVLGIVFQPWRLLKSSESFVYTWLIGYSALLGPIGGIILVDYYLIKKMKLNIGDLYSLSPSGEYYFSKGYNVAAVVALVAGIIPVVPGFLHKISALSKISNGFVVVYDNALFFSFIIAGFVYWIIMSRLGRKQSSLSSSSHPLL"
"1	MGKTSGAKQATVVVAAMALGWLAIEIAFKPFLDKFRSSIDKSDPTKDPDDFDTAATATTSKEGL"
"1	MATVTILSPKSIPKVTDSKFGARVSDQIVNVVKCGKSGRRLKLAKLVSAAGLSQIEPDINEDPIGQFETNSIEMEDFKYGYYDGAHTYYEGEVQKGTFWGAIADDIAAVDQTNGFQGLISCMFLPAIALGMYFDAPGEYLFIGAALFTVVFCIIEMDKPDQPHNFEPQIYKLERGARDKLINDYNTMSIWDFNDKYGDVWDFTIEKDDIATR"
"1	MSQLLHLHRLSLPQSSLRFRFPPLHRRRAASSPTNSTQPPLQFRPLTVSRSQITCRFSQSDITPQFELDKAKDNRKPQKRANGIFWIILINLGIYLADHFFQVRGIKSLYLYHNFPAWYQFVTATFCHANWNHLSSNLFFLYIFGKLVEEEEGNFGLWLSYLFTGVGANLVSWLVLPRNAVSVGASGAVFGLFAISVLVKMSWDWRKILEVLILGQFVIERVMEAAQASAGLSGTIYGGYSLQTVNHIAHLSGALVGVVLVWLLSKFPSASMDQDVKKSS"
"1	MVSVSLSHHNLWPPESGSTAFRGFATAASVHACHHVSRHLRLDFHLRSSLKKLQHFSDDARMKFARYQRVFVFNGANFLKSRVDIRLSQSSPFVCFFNGGESRLNPRGGEEGSSNPETSKRNTVNGRRWTNVLLAINVIMYIAQIASDGKVLTWGAKINSLIERGQLWRLATASVLHANPMHLMINCYSLNSIGPTAESLGGPKRFLAVYLTSAVAKPILRVLGSAMSYWFNKAPSVGASGAIFGLVGSVAVFVIRHKQMVRGGNEDLMQIAQIIALNMAMGLMSRRIDNWGHIGGLLGGTAMTWLLGPQWKYEYTTRDGRRVFMDSAPIPLLLRWRNEQRRL"
"1	MHAIFCRRVAVGCSSPQLTKLVTKQASQSRHSLSHLLPFDLSSRFVPPYVVSRSARVHGFFAGKLGNTNLKLKFGNVMESRAGFFSSELPSHGFESGGFTGFQKRGWKSWINGANGVVFGLVIANAAVFTMWRVLGKDNMWMVKNFMLSRYSFMTGRIHTLITSGFSHVGATHIILNMMGLCYFGARIARSFGPRYLLKLYFAGALGGSVFFLSSHALSVISLKGQRVVPKDQLKVPIGKLGANGPVYAITLLDMLLYPKVTTYFGLMLRVPVFAGIYSLGLNIIKMLEGKNNNTLTSLDQLGGVVVAVIAWARIRKGRFCY"
"1	MHAIFSSFSRKVVVNVGASSQSQLTKMVKKKPNQSRHLLPSRLSSPSSVPHFVPSAVSRSAKVHGFFASKLGNTNLKLKFGNVMESRAGFFSSELPSHGFESGGFTGFQKRGWKSWINGANGVVFGLVIANAAVFTMWRVSDRSWMLSTYSFTSGYIHTLITSGFSHIGTSQIILNMIGISYFGSRIARTLGPLYLLKLYFAGALGGSVCFLSYHALLATLKGEGVVIKDHQSTAPISQLLGADGSMFAIALLDMFIYPKVTTYFALMLRVHVMFRIINLGVEILNIPEGGPNHIASSSGQLGGVVVAAMAWARIKKGRF"
"1	MALFPLHHEVPCKGEVLFDSNGLRRFSSGLKHRTMAEATTLGRDCRMKSYMKSIPYCRSPRRRLCLVRASSENKITKQRLKLLDSYFGKLQNDDEKPSISTGDDIDRKAELNVNEELDSLSAYLDKLQKDAKSKGLVSSTLDVVKSEGGSVASKLRKTGIENNNSPFQQFDDEDQAEDTLNFYAVSILASINVGVCLFEAAAPVRNNNMGLLSLPLLYGAKINDLILAGEWWRLVTPMFLHSGIPHVALSSWALLTFGPKVCRDYGLFTFCLIYILGGVSGNFMSFLHTADPTVGGTGPAFALIGAWLVDQNQNKEMIKSNEYEDLFQKAIIMTGFGLILSHFGPIDDWTNLGALIAGIVYGFFTCPVLQLGSGGSERQEGIVTVGPEKQNSADPCKSFLLFTIFVAVIVTSLLLIGDGPLDFPTYDDVVYSLI"
"1	MSCSYLLSGDASVVASRRWSDVSSRQRLFLPRQSLRQPSGSSFSRCVRLVANVNDHFSKQSLATRNCLASVFSADLGGSNGNNDNGNGGGGGGDGGGDNSDDSSFDLRYLCFLLLGLSCFFHFRLSAASAIAKDQNSDSNGDAVKETVWEVRGSKRKRLVPDFVKDEFVSEESAFELSSSLTPENLLAQCRNLLTQFLLPEGFPNSVTSDYLDYSLWRGVQGIASQISGVLATQSLLYAVGLGKGAIPTAAAINWVLKDGIGYLSKIMLSKYGRHFDVHPKGWRLFADLLENAAFGMEMLTPVFPQFFVMIGAAAGAGRSAAALIQAATRSCFNAGFASQRNFAEVIAKGEAQGMVSKSVGILLGIVVANCIGTSTSLALAAFGVVTTIHMYTNLKSYQCIQLRTLNPYRASLVFSEYLISGQAPLIKEVNDEEPLFPTVRFSNMKSPEKLQDFVLSSEAKAAAADIEERLQLGSKLSDVIHNKEEAIALFDLYRNEGYILTEHKGRFCVMLKESSTPQDMLRSLFQVNYLYWLEKNAGIEPASTYSDCKPGGRLHISLDYVRREFEHAKEDSESVGWVTEGLIARPLPTRIRLGHDRELLLSSPNSS"
"1	MTTLSSINLSIPPHLLPSTTNTCSSSSATSCSPPRSSSFVLHSPLSFGHRRLPISKKSKLRFCGVITKEAVSGSNDMTITQVREDDESEIDAPLLDPESLSKPRRIALFVEPSPFAYVSGYKNRFQNFIRYLREMGDEVIVVTTHEGVPEEFYGARVIGSRSFPCPYYQKVPLSLALSPRIISEIARFKPDIIHASSPGVMVFGALAIAKMLSVPIVMSYHTHVPVYIPRYTFSWLVKPMWSIIRFLHRAADLTLVPSAAIGKDLIAAGATAANQLRLWNKGVDSESFNPRFRSQEMRIRLSNGEPEKPLVIHVGRIGVEKSLELLKSVMDKLPEARIAFIGDGPYKEDLEKLFTGMPAVFTGTLQGDELSQAYASGDVFVMPSESETLGLVVLEAMSSGLPVVAARAGGIPDIIPEDQEGKTGFLFNPGDVEDCVTKLRTLLHDRETREIIGKAAREETEKYDWRAATTKIRNEQYSAAIWFWRKKKVHVLGPINWLIKRLFPVPEGNV"
"1	MANEELTESQQQEDPSQQLPNADEEKGSDSDSNSDSDASSQSSGDDFYISESENEAEGDNTIFNYVRPSDIPPDPNANPETNIRRFNRVLDGKRVKRMQEEEEDKYTFYEDLFDFPRDPERWKEQDLREIWADGPLEMTKPGWDPAWADEDDWDVVNDEIQEGRDPGIQPFYVPYRKPYPAIPDNHYDIENAKGVVEELDRIEEFLQWVSYIFPDGSSYEGTVWDDLAQGKGVYIAENGLVRYEGEWLQNDMEGHGVIDVDIPDIEPIPGSKLEAKMRAEGRIIKRDYMTPEDRKWLEMDVEDSVALTDGNFQVPFYENEEWVTQFGEKPEKGRYRYAGQWKHSRMHGCGVYEVNERILYGRFYFGELLEEEHGCTVDICALHSGLAEVAAAKARMFVNKPDGMIREERGPYGDPQHPYFYEEDDVWMAPGFINQFYEVPEYWETYVGEVDQEREMWLNSFYKAPLRLPMPAELEHWWENVEVTPEFVLLNKEPEPDPNDPSKLVQKEDPVILHTPTGRIINYVEDEKHGIRLFWQPPLEEGEEVDPSKVEFLPLGFDEFYGKEVVVKKEHPIKSFVLGIEKSVKPMLDGLEKWTEEKKKAYEERKEMIQQELELVEAEICLEEAIEDMDEELKKKEQEEEKKTEMGLTEEDEDVLVPVYKEEKVVTAKEKIQENKQEEKYKDDDDEDDDDGDDDDDDDDDDDLGPSSFGSADKGRRNSPFSSSSLSFASCTLFPAVQSRLESSFLAWKQHRAEPSKVNTGIIKGADTASASIHFPPLSSNNARLKMGKVANRGCVQRSYGSSRSQSQLMSLSRLLSCNASSSSSPPDSSSSEYLKDSGLWETPVGDMSVVLSLQIQTKCSDLFAETPAVS"
"1	MAPFVEVCRYKPLPLSLSSLCTCPCRSSPRKYLILPQFSEKYPKPLLSHSRFTPISVNRRVITAVARAESNQIGDDANSKEEHNIDQELQNVEEDSSLDDQKQKSRSQFKKRVTFGLGIGLSVGGIVLAGGWVFTVAVAAAVLLSAREYFELVRSKGIAQGMTPPPRYLSRVCSIICALMPILTLYFGHIDISITSAAFVVAMALLLQRGNPRFSQLSSTMFGLFYCGYLPCFWVKLRCGLTAPVLNTGIGRSWPTILGGQAHWTVGLVAILISFCGIIASDTFAFLGGKAFGRTPLISISPKKTWEGAFAGLVGCISITILLSKSLSWPQSLVSTIAFGVLNFFGSVFGDLTESMIKRDAGVKDSGSLIPGHGGILDRVDSYIFTGALAYSFVRLHGV"
"1	MATTSSDRLIAGLTASIGSIESRYANPAQSVSLICRNQINGAPPIVLRSSRRSRLWLIEAIPPAKSWNGSNDGDEDIKKSDTRNYAIGGTGGHAVAGKDDRTMEIVIAAATTAALGVGNRVLYKLALIPLKQYPFFLAQLSTFGYVAVYFSILYFRYRAGIVTKEMLSVPKLPFLIVGVLESLALAAGMAAASNLSGPSTTVLSQTFLVWQILFSIIFLGRRYRINQILGCTLVAFGVIVSVASGSGAAHSFKDTGILWSLLMVFSFLLQGADTVMKEVIFLDSKKRLKGASLDLFVVNSYGSIFQVICIALLLPFLSKLWGIPFNQLPSYIRDGGACFLNIGSRITGCEGAPLLPVMFVMMNMAYNISLLRLIKISSAVVSSLASTVSVPIAVYCFTLPLPYLGVASTLPRGFVAGTIILVVGMLLYAWTPSTNTSDSIIPSPPST"
"1	MNATMQRSAVAGRTSGKVATTARASSMARPRLPIAGRVARRSAVTVRAVAEPVVVDKAVEAPAKPVPSGGDPWEDEKWTKYKWTVYRGVAYDLTPYLDRHPGGRWLLNLAIGRDATALFESYHLRPEVAASMLKRLPVLADFPVDAVPPSPRPNDSELYNAIRERVRKEVFKGTEIKGAHRSGSEGAAFAVLGYAAAMYALYTYDANPLTGALLGLGGAWIGLTIQHCGNHGAMSTNPVVNNLMGLTNDLAGGSSLMWRYHHQVSHHIHCNDDALDEDVFSAFPMLRFDDRLPKAWYHQFQHVYMWALFPFLQLVFQIGDWQALLTNRTVGATLYGASNFERQTLIAGKLAHYFLLYGLPAFLHGPTAMLGGAAGYLFTQSIVLAATFAVSHNVPETKPLDPGPTRENLDESAVTRDWGVQQVLTSANWGGVIGNFFTGGLNLQIEHHLFPAISFMHYPAISKIVADECKQRGIPYSHYDTLPEILGRFVRYMKEVGAAPQKPVKRDGEMLMLSKF"
"1	MNLAVASFRGNFGVLSQCSSCCSLQFQPFVAATSSLNFGQTGTSRRKKDLKLERVFRKRETLVRVTETQTEPEGNDDEDNKEGKESSADDPPTKIPTELNSQSTVVNEAPGNEEENKAQFSSQDGDKLEVSSGSPLPGVNVSIIIHVIYKDDSIMFSGCLSFIKSCCEQPLQLDDSMRLPKETIDILRGQVFGFDTFFVTSQEPYEGGVLFKGNLRGKPATSYEKIKTRMENNFGDQYKLFLLTNPEDDKPVAVVVPRRSLEPETTAVPEWFAAGSFGLVALFTLFLRNVPALQSDLLSAFDNLELLKDGLPGALVTALVLGVHELGHILVANSLGIKLGVPFFVPSWQIGSFGAITRIKNIVAKREDLLKVAAAGPLAGFSLGLILFLIGLFVPPSDGIGVVVDASVFHESFLAGGIAKLLLGDALKEGTSISLNPLVIWAWAGLLINGINSIPAGELDGGKIAFSIWGRKTATRLTGASIALLGLSALFSDVAFYWVVLIFFLQRGPIAPLAEEITVPDDKYVSLGILVLFLSLLVCLPYPFAFTGNEAMMIGL"
"1	MASLFVSTPSSSLTLKSCHSLHLRRFDRAEFSNFGKASVNQTTRSRHSLRCSAEDDRVREPVNEAPSPVALAEEQKEDHDNNNAPPSPESSEEEEEKKSKQQEMDWKTDEEFKKFMGNPSIEAAIKLEKTRTDRKLKELNKESNSENPIIGIYNSLARDSLTKEKERLEKAEETFKALDLNKLKSCFGFDTFFATDVRRFGDGGIFIGNLRKPIDEVTPKLEAKLSEAAGRDVVVWFMEERSNEITKQVCMVQPKAEIDLQFESTRLSTPWGYVSAIALCVTTFGTIALMSGFFLKPDATFDDYIANVVPLFGGFLSILGVSEIATRVTAARHGVKLSPSFLVPSNWTGCLGVMNNYESLLPNKKALFDIPVARTASAYLTSLLLAAAAFISDGSFNGGDNALYIRPQFFDNNPLLSFVQFVVGPYADDLGNVLPNAVEGVGVPVDPLAFAGLLGMVVTSLNLLPCGRLEGGRIAQAMFGRSTAAILSFTTSLLLGIGGLSGSVLCLAWGLFATFFRGGEETPAKDEITPVGDDRFAWGIVLGLICFLTLFPNSGGTFSTSFFNGPFFRGDDF"
"1	MAVSLPTKYPLRPITNIPKSHRPSLLRVRVTCSVTTTKPQPNREKLLVEQRTVNLPLSNDQSLQSTKPRPNREKLVVEQRLASPPLSNDPTLKSTWTHRLWVAAGCTTLFVSLAKSVIGGFDSHLCLEPALAGYAGYILADLGSGVYHWAIDNYGDESTPVVGTQIEAFQGHHKWPWTITRRQFANNLHALAQVITFTVLPLDLAFNDPVFHGFVCTFAFCILFSQQFHAWAHGTKSKLPPLVVALQDMGLLVSRRQHAEHHRAPYNNNYCIVSGAWNNVLDESKVFEALEMVFYFQLGVRPRSWSEPNSDWIEETEISNNQA"
"1	MMSIPMELMSIRNPNSTLLYRAHSRPPVKLCAPPRSLLPSRRHFSAPRAVVSYPGIRFGFTSPEVLLNRSVVAFAASHEDSGESGVEVGKEKSDIDVEDDTSKEAWKQTLESFKEQVSKMQSVSSEAYSVNSQKAMTVLKETSEQLRIQAEKAKEELGTKAKVVSEEGREYILKAAEESPSDVKEIVEAFASTEDLKNVSRANDFHVGIPYGLLLLVGGFINFMVSGSIPAIRFGVILGGALFALSLASLKSHRKGESSTKFLKGQMAIVAIIFLRELRLLLSQKSTFLGFFTTLTSGGVLGFYLYKMVVKREKGPTLEDGGEDESSDGFVRSEG"
"1	MWSLALTLPSPSLVSVRSTKLGRSVSNGGRNWSGLTKLSEKSKTKRGNGLCCKAELSELAPVVSATYGVLLLGGGLFAYSKSGSKGSLFGGLTGSVLMASAYFLTKSPETRVLGDTIGLGAAFLFSSVFGFRLASSRKPVPAGPLLLLSIGMLSFFVMAYMHDSLPAISIPDPLPLP"
"1	MASQISQLACFSSTNRQFHFQSRSFPCPMIRPQSFVVKSVDGNSSETPASLSYTAEVSKPVVEKTSKPYSTVDETATNKESITEPVEEDVATQPIRAAKIHDFCFGIPYGGLVVSGGLLGFAFSRNLTSLSTGVLYGGGLLALSTLSLKIWREGKSSFPYILGQAVLSAVVFWKNFTAYSMTKKLFPAGVFAVISACMLCFYSYVVLSGGNPPPKKLKPSATSPSY"
"1	MADLILSSSSAQSSLLHVRPNHYLLNTSTASPIRSVRFQNSNGFHPLAFASGHRRLPLGAVVPSDSTKTITSTITANCVDSGVKAVEVEPTIDYGGGGGIGGDKFGGGGGGGDGNDDGGEDDKEESDGKKSTPLSMSQKLTLGYAFLVGVGGLMGYLKSGSQKSLLAGGLSAAVLLYVFSQLPTKPVLASTVGVVMAGALMYVMGTRYMRSKKIFPAGVVSIMSFIMTGGYIHGIMRSLH"
"1	MDLCSSTGRGACLSPASTSRPCPAPVHLRGRRLAFSPAQPAGRRHLPVLSSAAVPAPLPNGGNDESFAQKLANFPNAFWKFLRPHTIRGTILGTTAVTAKVLMENPGCIDWALLPKALLGLVALLCGNGYIVGINQIYDVDIDVVNKPFLPVASGELSPALAWGLCLSLAAAGAGIVAANFGNLITSLYTFGLFLGTVYSVPPLRLKQYAVPAFMIIATVRGFLLNFGVYSATRAALGLPFEWSPAVSFITVFVTLFATVIAITKDLPDVEGDQANNISTFATRMGVRNVALLAIGLLMANYLGAIALALTYSTAFNVPLMAGAHAILAATLALRTLKLHAASYSREAVASFYRWIWNLFYAEYALLPFL"
"1	MAASSSLLLLLHCPTCNFYFDSSSYLKRSRLSSYSSIISRGSPLFVSSFGSMTVKRFSSRVGSRSNDGNEQFGALEQESFINNSSEIRKDLVTGGGIEAIVNRLSKWVVSVLFGSIILLRHDGAALWAVIGSISNSALSVVLKRILNQERPTTTLRSDPGMPSSHAQSISFISVFAVLSVMEWLGTNGVSLFLSGLILALGSYFIRLRVSQKLHTSSQVVVGAIVGSLFCILWYTMWNSLLREAFEASLLVQISVFLFAATFALAFAAYVVLNWFKDER"
"1	MAASSSSLLLLHKPTYNFHFAASSVPTYINSARFRISSSIFPLDRRRRRRIWSVSGFKSMADLVKTNARRDGEDRFQALEQEAFISNSSSELQNELVSDAGDGIEAIANRLSKWIVAALFGSVLLLRHDGAALWAVIGSVSNSVLSVALKRILNQERPVATLRSDPGMPSSHAQSISFISVFSVFSVMEWLGTNVLSLFLSGFILALGSYFTWLRVSQKLHTTSQVVVGAIVGSVYSTLWYVTWNSLVLEAFTSTFSVQIALFLVAAASALGFAVYVLLNWFKDDR"
"1	MDLIPQQLKAVTLTHVRYRPGDQLGHFLAWISLVPVFISLGGFVSHFLFRRELQGIFFGIGLVISQFINEFIKTSVEQARPETCTLLEACDSHGWPSSHSQFMFFFATYFSLMGCKGIGFWFGLRSRWIMNLLHWSLAVVTMYSRVYLGYHTVAQVFAGAALGGIVGASWFWVVNSVLYPFFPVIEESVLGRWLYVKDTSHIPDVLKFEYDNARAARKDMDSAKSD"
"1	MLRSGLASLIVDVNLRRTLRPSPTFSFPAHLSRCIITSRYSSRTSLRFPIQISRHQHRLSYFSSSSSSEQSRPTSSSRNSFSGHGQLDSDDNSSPPPSQSSSKVLTLPTVLTLGRVAAVPLLVATFYVDSWWGTTATTSIFIAAAITDWLDGYLARKMRLGSAFGAFLDPVADKLMVAATLILLCTKPIQVAELGPLPWLLTVPSIAIIGREITMSAVREWAASQNGKLLEAVAVNNLGKWKTATQMTALTILLASRDSNVGWLVASGAGLLYVSAGLSVWSLAVYMRKIWKVLMK"
"1	MAAMAAKLQLSAKSDQSSVRLPRVINLSRDPTTRVSFPRNGSVCSLHTNFSSPHLAKPCAGGGGGGSTGNNGGGSGSGGGGGGFGGSGGEASEESSPWGPIGLFIQGWRSRVAADPQFPFKVLMEEIVGLSACVLGDMASRPNFGLNELDFVFSTLVVGSILNFVLMYMLAPTAATLGSSQTLPGIFRNCPSSHMFEQGSFTVMNRFGTLVYKGMVFASVGLAAGLVGTAISNGLIMLRKKMDPSFETPNKPPPTVLNSLTWATHMGVSANARYQTLNGIEFLLAKVLPPLVFKTSVIVLRCANNVAGGMSFVLLARMTGSQSVEEKTEISEKEKDD"
"1	MTKALSGFCCSLSLSTLVRSSSSHMDSDIVSSSIDRSQTAMPDALAFKSINDPIKNQINSCAAICVKQDDPCHFLRVLYESLITGGLAGVVVEAALYPIDTIKTRIQVARDGGKIIWKGLYSGLGGNLVGVLPASALFFGVYEPTKQKLLKVLPDNLSAVAHLAAGALGGAVSSIVRVPTEVVKQRMQTGQFVSAPDAVRLIIAKEGFGGMYAGYGSFLLRDLPFDALQFCVYEQLRIGYKLAARRDLNDPENAMIGAFAGAVTGVLTTPLDVIKTRLMVQGSGTQYKGVSDCIKTIIREEGSSALWKGMGPRVLWIGIGGSIFFGVLEKTKQILSERSQKSHNA"
"1	MSSMNFNPFQNWFEKPPNPVPSINFVSLADSFFPKSQSPNFASIGLPKFSKKSPKPETAGTDEPGPYKQIAEQFLWECENIPDYRHTPEVDKLLNEDPVFEKKENPSTEEIEAEQKWWESFRASPVVQFMTRAEEIADDMNKMELEDNDTPYRKEDKDYWRAIPHVPGFDGRPMPRKAIKSKEESDDKFWDFMKQFLFGLWGFRQRPYPPGRPIDVAQAIGYKRLEKRYYDFIMKTGGWWYKDRLGRSRGPCEIITLKTAYGAGIIDRDTFIWGEDMDEWAPIHMVYGLEPAIATWEVRLGAAATAFLHKLQKGIPPWVPLKGREPKTYKQLQKEAIESKKRDMAVLEANGGVWPGVRTPSHALFLWASGSELTTVLESDHMPNKFIPKQLRLELAKVIPGLRPWEVISIEQAMDQISYGGEWYREPLGTYTTGPPYIREWNRSVMRLFRIFYNLSVRVGQKLERTVPGFDTIMDKVQKDYDKRIARRMKRREEELREEDLKHYSGRTDEDEEEEEEEDDDSNSKKD"
"1	MEFASFLVSLGTSAIIFVVLMFLFTWLSRRPGNVPVYYPNRILKGMDPWEGSSLTRNPFAWIREAFTSTEQDVVKLSGVDTAVYFVFQSTVLGIFALSALLLLPTLLPIAATDNNLETSRSATDTTSNGTFSQLDNLSMANITKSSSRLWAFLGAVYWVSVVTYFMLWKAYKHVAALRAQALMTSEEVLPEQFAILVRDIPSPPNGETQKEFVDSYFRDIYPETFYRSLVVTENSKINKIWEDLEGYKKKLARAEAAFAATSNRPTNKTGLLGLVGERVDSIDYYTKLINESVAKLEAEQRTVLAERQQTAAVVFFTDRVTAALAAQSLHCQMVDKWTVTEAPEPRQLIWENLKIKFFSRIVRQYVIYFLVAITILFYMIPIAFVSAITTLANLQKALPFLKPIVDIAFIRTILESYLPQIALIVFLAMLPKFLMFLSKSEGIPSQSHAIRATSGKYFYFSVLNVFIGVTLAGSLFENLKALEEKPNSFITLLATSLPKSATFFLTYVALKFFVGYGLELSRIIPLIIFHLKKKYLCKTEAEVKEAWYPGDLSYATRVPSDMLILTITFCYSVIAPLILVFGVIYFGLGWLILRNQALKVYVPSYESYGRMWPHIHTRILAALFLFQLVMFGYLGVKIFVWAILLVPLIFISLIFGYVCRQKFYGGFEHTALEVACRELKQRPDLEEVFRAYIPHSLSTHKGDDHQFKGAMSRYQDYAAISAA"
"1	MSSSSLVTSLLFSSSSSSNTATSTSSRRSFSLFSKNQYCKPSPLRRSSSLLLVRCSLQQQQEEKAAPAAESHHAGGGQDDAATASHHAVEGENGVADADGGGVKKSKEELEEEEQQEVDWRSDEEFKRFMGNPSIEGAIKLEKKRADRKLRELDREPDANPLAGLLRGLARGQLAREKERLELAENTFKALDLNKLKSCFGYDTFFAVDVRRFGDGGIFIGNLRKPVEEVRPKLEKKIAEAAGTDVTLWFMEEKNDDITKQVCMVQPKAEIDLQLEITKLSTPWGYLSAVALAVTTFGTIAIMSGFFLKPGATFDDYVSDVLPLFAGFLSILGVSEIATRLTAARYGVKLSPSFLVPSNWTGCLGVMNNYESLLPNKKALFDIPVARAASAYLTSVALAVSAFVSDGSLNGGKNALFVRPEFFYNNPLLSFVQAVIGPYADELGNVLPNAVEGVGVPVDPLAFAGLLGIVVTSLNLLPCGRLEGGRIAQALFGRGAAAVLSFATSVALGAGAIIGGSVLCLAWGLFATFVRGGEEIPAQDEITPLGSERYAWGLVLAVVCLLTLFPNGGGTYSSDFLGAPFFRGGI"
"1	MQLPAMSCSPSQSSAAAAAAYGCCQRILLASTSLPATGRPARLGLKLRSTHSLQIRNRRFVCQAMTETEPDGDGNGDEEKEELGDDASSPSVYSVTQENGSAESETNADNTKDETVNTEPLSSSDTVQNIDGDATPASDAQENVEVVDVAVGSPLPGMKQQLDESVRIPKATIDILKDQVFGFDTFFVTSQEPYEGGILFKGNLRGQPAKSYEKITNRLQNKFGDQYKLFLLINPEDDKPVAVVVPRQTLQPETTAVPEWFAAASFGVVTIFTLLLRNVPLLQDNLLSTFDNLELLKDGVYGALVTAAIIGVHEIAHILAARDTGIKLAVPYFVPSWQIGSFGAITRIVNIVRNREDLLKVAAAGPLAGFSLGFVLLLLGFILPPSDGLGLVIDPAVFHESFLVGGLAKLILGDALKEGTKLSINPLVLWAWAGLLINAINSIPAGELDGGRIAFAMWGRKISSRISSLAIGLLGISALFNDVAFYWVVLIFFLQRGPISPLSEEITEPENNYISIGVAILLFGLLVCLPYPFPFDPSQLTDFDL"
"1	MQAVTAAAAAGQLLTDTRRGPRCRARLGTTRLSWTGRFAVEAFAGQCQSSATTVMHKFSAISQAARPRRNTKRQCSDDYPALQAGCSEVNWDQNGSNANRLEEIRGDVLKKLRSFYEFCRPHTIFGTIIGITSVSLLPMKSIDDFTVTVLRGYLEALTAALCMNIYVVGLNQLYDIQIDKINKPGLPLASGEFSVATGVFLVLAFLIMSFSIGIRSGSAPLMCALIVSFLLGSAYSIEAPFLRWKRHALLAASCILFVRAILVQLAFFAHMQQHVLKRPLAATKSLVFATLFMCCFSAVIALFKDIPDVDGDRDFGIQSLSVRLGPQRVYQLCISILLTAYGAATLVGASSTNLFQKIITVSGHGLLALTLWQRAQHFEVENQARVTSFYMFIWKLFYAEYFLIPFVQ"
"1	MRSAAFSLPFCDWKCRRRLGAADKWPLLKRSFRILPPLIAGGATTEVKEVEKFADEEDFIKAGGSELFFVKMQERKPMEKQRKIADELTKISSGDPMLDLIVIGCGPAGMSLAAEAGKRGLSVGLIGPDLPFTNNYGVWEDEFKGLGLESCIEHVWQDTIAYLDSSDPILISRAYGRVSRHLLHAELLRRCQETGVGFLDSKVEKIIEASDGSSIVVCEGDLMLPCRLATVASGAASGKLLQYEVGGPRVSVQTAYGVEAEVGNNPYDPRSMVFMDYRDHVKGKIISDEEYPTFLYVMPISSTRVFYEETCLASRNAMPFDRLRSKLMSRLKAMGVSILKIYEEEWSYIPVGGSLPNTEQKNLAFGVAASMVHPATGYSIVRSLSEAPQYASVITNILKRNSNSSQNNVIGSSYNPSVLAWRTLWPQEGKRQRAFFLFGLALILQLDIDGIRIFFQTFFRLPDWMWQGFLGSTLSSAGLIWFAFYMFAIAPNSLRICLIKHLLSDPTGSTMIREYLTL"
"1	MAASQLCFVGFLEGIRGGDRLWNAKNDCRFSQRKKMRWSFYCLFTNFNYACVSQEPEKDLKFPIYSSLVVNPVGEVAISSEQKVYDVVLKQAALVEQQLRNRTVLEEKTGTTFLLNEAYDRCGQICEEYAKTFYLGTLLMTPERRRAIWAIYVWCRRTDELVDGPNASHITPSALDRWEARLEDLFAGRPYDMLDASLSDTVVNFPVDIQPFKDMIEGMRMDLKKSRYKNFDELYLYCYYVAGTVGLMSVPVMGIDPESDATTESVYNAALSLGIANQLTNILRDVGEDTRRGRVYLPQDELAEAGLSDEDIFNGKVTDRWRNFMKNQIKRARTFFQEAEKGIAELNQASRWPVLASLLLYRQILDEIEANDYNNFTKRAYVSKAKKLMAVPVAYGRSLIRPSMKKPSLVKP"
"1	MSSSSATSGVVGDRGVPCKCVCGLSVTVFTSKSQDNSGRPFFRCISKRDAKTWTNNRNGHLFKWVEEAVFEEVEDALPRLAVIANEINKAKSEALELKAMIQEILEEALINKMQIRRNWCGLKLGFVWLFVITIVIVYVLFGQDNEKKLVAGY"
"1	MAFAMSSSLTLFQYQSFGKKPFFSRRRDFAGCSMMNPLVARCNRATEICCVVRKDGEAESLVEAENDQLEEEVMKPTSIDSFSVVLRSERKKAERRTYLVAAMASSLGFTFMAAAAVYYRFAWQMEGGAVPLTEMMGTFSLAVGSAVGMEYWARWAHRALWHTSLWHMHESHHRPRDGPFELNDVFALINAFPAVALLAFGFFHRGFFSGLCFGAGLGITLYGMAYMFVHDGLVHRRFPVGPIATVPYFQWVAAAHQIHHADKFNGVPYGLFLGHKELEEVGGMEALEREIKRGVKVFSSSPNQS"
"1	MATTLISKLTLSSAFLGQQFSSRGNSMRSAPAGLFLRGPRCAATDTPYGGNIPQFPRVNVWDPYKRLGISRDASEEEVWSSRNFLLNQYYNHERSAESIEAAFEKILMASFINRKKTKINLKTRLKKKVEESPPWVQNLLSFVELPPPVIILRRLFLFGFMACWSVMNSTEAGPAFQVAISFGACVYFLNDKTKSLGRAALIGFGALVAGWFCGSLLVPMIPPNLLHPTWSLELLTSLFIYVSLFLGCTFLK"
"1	""MGFVLPASFPGASSITTGGSCLRSKQYAKNYYASSYVTTLWHKKGKIQKEYCAVIFSRHN"
LKQHYKVNEGGSTSKECEKKYVVNAISEQSFEYEPQARDPKNIWGSVNDALDTFYKFCRP
YAIFSVVLGATFKSLVAVERLSDLSLAFFIGWLQVVVAVICIHIFDVGLNQLCDIEIDKI
NKPDLPLASGNLSFRNVVIITASSLILGLGFAWIVGSWPLFWTVFICCMFAAAYNVDLPL
LRWKKYPVLTAISFIANVAVTRSLGFFLHMQTCVFKRPTTFPRPLIFCTAIVSIYAIVIA
LFKDIPDMEGDEKFGIQSLSLRLGPKRVFWICVSLLEMAYGVTILVGATSPILWSKIITV
"LGHAILASVLWYHAKSTDLTSNVVLQSFYMFIWKLHTAEYCLIPLFR"""
"2	MRLLLPFSSPLSATSSPSTPQFIPELPPPSQFDYSGLTKILKKSVIGTLTGALSLTLVFSSPISSVAATNDPYLSVNPPSSSFESSLNHFDSAPEDCPNEEEADTEIQDDDIEPQLVTNEGIVEEAWEIVNGAFLDTRSHSWTPETWQKQKDDILASPIKSRSKAHEVIKNMLASLGDQYTRFLSPDEFSRMSKYDITGIGINLREVSDGGGNVKLKVLGLVLDSAADIAGVKQGDEILAVNGMDVSGKSSFEVSSLLQGPSKTFVVLKVKHGKCGPVKSLKIQRQVNAQTPVSYRLEKVDNGTVSVGYIRLKEFNALARKDLVIAMKRLLDKGASYFVMDLRDNLGGLVQAGIETAKLFLDEGDTVIYTAGRDPEAQKTVVSDKKPLITAPLIVMVNNRTASASEIVASALHDNCKAVLVGERTYGKGLIQSVYELRDGSGVVVTIGKYVTPNHMDINGGGIEPDFRNLPAWDEVKERLSKCSILQQS"
"2	MEVLASSSLSPISFTKPNKINPNFSIQVKLWVKQPPKISKASKFSYARSRSNISRSNAANPGVVFVCNRFLCVIERNDQRKLSGKVMMKSSVNFRQNLSVALVRIVSVLLVSSISVVTTDSPPSWGLTEENLLFLEAWRTIDRAYIDKTFNGQSWFRYRETALRNEPMNTREETYMAIKKMVATLDDPFTRFLEPGKFKSLRSGTQGAVTGVGLSIGYPTASDGPPAGLVVISAAPGGPANRAGILPGDVIQGIDNTTTETLTIYDAAQMLQGPEGSAVELAIRSGPETRLLTLTRERVSVNPVKSRLCELPGSGSNSPKIGYIKLTTFNQNASSAVREAIETLRGNNVNAFVLDLRDNSGGSFPEGIEIAKFWLDKGVIVYICDSRGVRDIYDTDGSNAIATSEPLAVLVNKGTASASEILAGALKDNKRALVYGEPTYGKGKIQSVFELSDGSGLAVTVARYETPAHTDIDKVGVTPDHPLPKSFPKDEEAFCGCLKDPTAACYLNQGLLFSR"
"2	MILLSSSISLSRPVSSQSFSPPAATSTRRSHSSVTVKCCCSSRRLLKNPELKCSLENLFEIQALRKCFVSGFAAILLLSQAGQGIALDLSSGYQNICQLGSAAAVGENKLTLPSDGDSESMMMMMMRGMTAKNFDPVRYSGRWFEVASLKRGFAGQGQEDCHCTQGVYTFDMKESAIRVDTFCVHGSPDGYITGIRGKVQCVGAEDLEKSETDLEKQEMIKEKCFLRFPTIPFIPKLPYDVIATDYDNYALVSGAKDKGFVQVYSRTPNPGPEFIAKYKNYLAQFGYDPEKIKDTPQDCEVTDAELAAMMSMPGMEQTLTNQFPDLGLRKSVQFDPFTSVFETLKKLVPLYFK"
"2	MEKVVTLNHDLPLLHFPNSRKPFSIPSPILRISSFKRHKKRSCLASSSRLGFYTETKTVSESHGVIVDNSTIGRRLLGLAAAVSVAVSLSIFCDSPALAESLTIAFPVSRAREVTTVQRTLVEAWGLIRETFVDPTFNHQDWDFKLQQTMVEMFPLRSADAAYGKLKAMLSTLGDPFTRLITPKEYQSFRIGSDGNLQGVGLFINSEPRTGHLVVMSCVEGSPADRAGIHEGEELVEINGEKLDDVDSEAAAQKLRGRVGTFVTIKLKNVNGSGTDSGIREVKLPRDYIKLSPISSAIIPHTTPDGRLAKTGYVKLTAFSQTAASDMENAVHEMENQDVQSYILDLRNNPGGLVRAGLDVAQLWLDGDETLVYTIDREGVTSPINMINGHAVTHDPLVVLVNEGSASASEILAGALHDNGRAILVGNRTFGKGKIQSITELNDGSALFVTVAKYLSPSLHEIDQVGIAPDVQCTTGMIDSLTAEIVEKMNSSVPLLEADSCVMVAEHELEARRSNGTAS"
"2	""MGFLVAVMNFSPTLVHHHMKSKPQCQNEKLRQGQTSSLFDRRGFLKCVVGASSFMATIEF"
SGLQAQASEEKLDEGEGVVGAFKTLFDPNERTKSGKELPKAYLKSAREVVKTMRESLKEN
PKDNAKFRRSADAAKESIRDYLSNWRGQKTVAGEESYVELENVIRALAKFYSKAGPSAPL
"PDEVKTEILDDLNKAEEFL"""
"3	MASLQQTLFSLQSKLPPSSFQIARSLPLRKTFPIRINNGGNAAGARMSATAASSYAMALADVAKRNDTMELTVTDIEKLEQVFSDPQVLNFFANPTITVEKKRQVIDDIVKSSSLQSHTSNFLNVLVDANRINIVTEIVKEFELVYNKLTDTQLAEVRSVVKLEAPQLAQIAKQVQKLTGAKNVRVKTVIDASLVAGFTIRYGESGSKLIDMSVKKQLEDIASQLELGEIQLAT"
"3	MALLSPPSPPPPLPPLRRRPASPTLLAVATRPSSLLSLPHCHCGLPLPSTANARAYSRSSRRRRRVAASLGQDEPGVSDTAVAPEGEGDSEPPASSDGAAGDIAASAEQPEASPEDLEDIRQVKRVLELLQKNRDMTFGEVKLTIMIEDPRDIERKRLLGIEDPDEITRDDLADALVEVNEGRIPENRVALQLLAKEMTEWPDLEMEAPKKKSKPGKSVYAKATDTGIDPETAAKRLNIDWDSAADLDDEEEEDDETEVPSAVGYSALYLLTAFPVIIGISVVLILFYNSLQ"
"3	MPFAPSLLSSSSSVSQFLPRFPNATRFNVTPRSRAATVVAASVTDLAGVDSTTIAVLGGGSVAALAAMVSLTDPERRRKLQAEEVGGGDKEVVREYFNSTGFERWRKIYGETDEVNRVQKDIRLGHAKTVENTMLMLTEDRSLAGVTVCDAGCGTGLLSIPLAKEGAIVSASDISAAMVAEAEMKAKAQLPSENLPKFEVNDLESLTGKYDTVVCLDVLIHYPQNKADGMIAHLASLAEKRVILSFAPKTFYYDILKRIGELFPGPSKATRAYLHSEADVERALGKVGWKISKRGLTTTQFYFSRLIEAVPM"
"3	MSSSLLLSGSTVSSSFIAPSKPSLVRNSSKTSLLPFRNVSRSFKTVKCTVDSSYGGNVPTFPRTRVWDPYKRLGVSPYASEEEIWASRNFLLQQYAGHERSEESIEGAFEKLLMSSFIRRKKTKINLKSKLKKKVEESPPWLKALLDFVEMPPMDTIFRRLFLFAFMGGWSIMNSAEGGPAFQVAVSLAACVYFLNEKTKSLGRACLIGIGALVAGWFCGSLIIPMIPTFLIQPTWTLELLTSLVAYVFLFLSCTFLK"
"3	MASISATLPSPLLLTQRKSNLTSIQKLPFSLTRGTNDLSPLSLTRNPSSISLMVKASGESSDSSTDLDVVSTIQNVWDKSEDRLGLIGLGFAGIVALWASLNLITAIDKLPVISSGFELVGILFSTWFTYRYLLFKPDRQELSKIVKKSVADILGQ"
"3	MTFYISSSLTPTHFSKPLNPSNTLFPSQFRGSLSSFVRRRKPTEAKLSSKFNLFPSRRNGLITCCSTSSFESTESSVSQEEDAESNRLFEKLRETERERLSNMEELERKANVQLERQLVMASDWSRTLLTMRGKLKGTEWDPETSHRINFSDFMKLLDSNSVQYMEYSNYGQTISVILPYYKDGEPLGEEEDSKKEIIFRRHIVDRMPIDGWNDVWKKLHQQIVNVEVFNVDVVPAEVYTTVATFVVWSMRLALFVSLYVWIDSITRPIYAKLIPCDLGTPTKKIRQPLKRQALGSLGKSRAKFISAEEKTGVTFDDFAGQEYIKRELQEIVRILKNDEEFQNKGIYCPKGVLLHGPPGTGKTLLAKAIAGEAGLPFFAANGTDFVEMFVGVAASRVKDLFASSRSYAPSIIFIDEIDAIGSKRGGPDIGGGGAEREQGLLQILTEMDGFKVTTSQVLVIGATNRLDILDPALLRKGRFDKIIRVGLPSKDGRLAILKVHARNKFFRSEDEKEELLQEVAENTEDFTGAELQNVLNEAGILTARKDLDYIGREELLEALKRQKGTFETGQEDSTEVPEELKLRLAYREAAVAVLACYLPDQYRPISETDINSIRSQPNMRYSETSGRVFARKSDYVNSIIRACAPRVVEEEMFGIENLCWISAKSTLEASQRAEFLILQTGMTAFGKAYYRNQRDLVPNLVPKLEALRDEYMRFAVEKCSSILQEYQSALEEITDVLLEKGEIKADEIWNIYNTAPRIPQKPVRPVDEYGALIYAGRWGIHGVSLPGRVTFSPGNIGFATFGAPRPMETQIISDDTWKLVDEIWDKKVEEIKAEAVIQIEEEKKKPQILMATHFF"
"3	MRTLISHRQCVTSPFLISAASPPFPGRCFKLSSFTPPRHRRFSSLSIRNISHESADQTSSSRPRTLYPGGYKRPELAVPGLLLRLDADEVMSGNREETLDLVDRALAKSVQIVVIDGGATAGKLYEAACLLKSLVKGRAYLLIAERVDIASAVGASGVALSDEGLPAIVARNTLMGSNPDSVLLPLVARIVKDVDSALIASSSEGADFLILGSGEEDTQVADSLLKSVKIPIYVTCRGNEEAKEELQLLKSGVSGFVISLKDLRSSRDVALRQSLDGAYVVNNHETQNMNELPEKKNSAGFIKLEDKQKLIVEMEKSVLRETIEIIHKAAPLMEEVSLLIDAVSRIDEPFLMVIVGEFNSGKSTVINALLGKRYLKEGVVPTTNEITFLCYSDLESEEQQRCQTHPDGQYVCYLPAPILKDINIVDTPGTNVILQRQQRLTEEFVPRADLLVFVLSADRPLTESEVAFLRYTQQWKKKFVFILNKSDIYRDARELEEAISFVKENTRKLLNTENVILYPVSARSALEAKLSTASLVGRDDLEIADPGSNWRVQSFNELEKFLYSFLDSSTATGMERIRLKLETPMAIAERLLSSVEALVRQDCLAAREDLASADKIISRTKEYALKMEYESISWRRQALSLIDNARLQVVDLIGTTLRLSSLDLAISYVFKGEKSASVAATSKVQGEILAPALTNAKELLGKYAEWLQSNTAREGSLSLKSFENKWPTYVNSKTQLGIDTYDLLQKTDKVSLKTIQNLSAGTTSKRLEQDIREVFFVTVGGLGAAGLSASLLTSVLPTTLEDLLALGLCSAGGYVAIANFPYRRQAIIGKVNKVADALAQQLEDAMQKDLSDATSNLVNFVNIVAKPYREEAQLRLDRLLGIQKELSDIRSKLQLLQVDIDNLHVSRDEMRL"
"3	MEVSMSLNALTRLPLKNTGRFEEVGLARHSLFSSRTACRETAVQQRRMVFVVEAKGKKGMAARQYQRTPPPMPKIEDDGNPRFVIFIRMANVYLWYPLSIIAGGTTAKIMVAAKDNLLGKYIYKDTIARNIAAVIYRDEKEIQKTAIKQHRVLRTATEFRYGYKLVENGNMRAALSTSDVIELPTQDQLKTVFDKVKDYFGDAKESFGKLSSLNPGSDEKTEETSDEKAKA"
"3	MMARFVSVSSCQFHFGFREVSPPSVTSYPRRFEVSDRRFPAIPIKCSSSEPENGEDSAPSLSSSSSSSTSEVSTSNSSTYNWYTGIGGIGMLDTAYLTYLKVTGSDAFCPIGGGTCGDVLNSDYAVVFGVPLPVIGFVMYGVVTALSAELGEGNLPFGISKSNGRFALFGITTAMASASAYFLYILSTKLSGSSCLYCLVSAFLSFSLFFLSVKDVKLQEIQQVVGLQICLAIIVVASLTASYSTAQPIPSRSGDIELPYFRTEISSSSSPYAIALAKHLNSIGAKMYGAFWCSHCLEQKEMFGREAAKELNYVECFPDGYKKGTKILKACADAAIEGFPTWIINDKVLSGEIELAELAEMTGFSLDQANETNQLQ"
"3	MSRCGSLGLYAPNALPSLSLKPRSVKSPFCITSHTKPNDTLLHNVNKMRAKACDILGAKKTILAAQLGAVLATIDHPALAITGVNNQQELSSVVLDIGIISVWYFLVMPPIIMNWLRVRWYRRKFFEMYLQFMFVFMFFPGLLLWAPFLNFRKFPRDPNMKNPWDKPTDPDSIKNVYLKYPYATPEDYDLD"
"3	MAYATSTYARTSCIILPKIQNGAHFTDDTKAFRRITARRVTRIYASQGPTKPSKPSPGVDTRIHWESPDEGWIGGRSDPAKSVDEDKTNLLSDEKFAELIKDSFDSHYQFLGVSTDADLEEIKSAYRRLSKEYHPDTTSLPLKTASEKFMKLREVYNVLSDEETRRFYDWTLAQEVASRQAEKMRMKLEDPKEQDFRGYESIPDMVDRLGGRNMELSDQAMTALTFDILIVLFAVCCIAFVIVFKDPSY"
"3	MASLSTITQPSLVHIPGESVLHHVPSTCSFPWKPTINTKRIICSPARNSSEVSAEAETEGGSSTAVDEAPKESPSLISALNVERALRGLPITDVDHYGRLGIFRNCSYDQVTIGYKERVKELKEQGLDEEQLKTKMDLIKESYTILSTVEERRMYDWSLARSEKAERYVWPFEVDIMEPSREEPPPQEPEDVGPTRILGYFIGAWLVLGVALSVAFNR"
"3	MATSSITIPTIRTPIHRSKFLGQTHQFSTVNRSVFPPPKQQSKLYQVKAMGKFNLWEVMGGRGLCNGEKGIEKELQRNIEDEQETSKAENNETERESDDSNLSFKVPEDGFEKEMMGLTGGFPGGEKGLKTFIEKNPPPPPPPPPAKQGSDASAVATDKKPKAPKLPLLMPGMIAIVKNQNSPYHMYCGIVQRITDGKAGVLFEGGNWDRLITFRLEELERREKGPPGKNPKSCILEPLIEQMQKEEAAP"
"3	MGSVQLSGSGLVASLPPNHSFSHKTKLNKPNSYFFRSKHNAARTKTVRAISTAPASQPPAADEPDEPPAVDFAFVHSVLLPDGTPDVHWRRANGGQKLRDIMLDSNIELYGPYSKPLSNCAGVGTCATCMVEIVNGKELLNPRTDIEKEKLKRKPKNWRLACQTNVGNPDSTGLVVIQQLPEWKAHEWNIPKNIPNDDDLETST"
"3	MASLISFSLLPKPKAVRSSISAPQTQTINTEKLEDKFGRKGIKFSESNNIPMVELKVRNGSSLKLSLSDAHVLSYKPKVYWKDEGFEEVLYTVDGDESRGGVGVVIVNGEEPKGGSSVISGCDWSVKDTDSDAIDALQIELSCTAGVLDITYIVSLYPVSMATALVVKNNGRKPVTLKPGIMSYLRFKKRSGAGIQGLKGCSYCPNPPLSSPFELLSPSEAMKAESSGWFGSEEGEKPGIWAVEDSVITLLEKKMSRIYGAPPAERLKAVYNTPPSKFETIDQGRGLFFRMIRIGFEEMYVGSPGSMWDKYGKQHYFVCTGPTSMLVPVDVASGETWRGAMVIEHDNL"
"3	MASSLPLLPKPISPFFKTPPFSTSKPLVFLNFQTRLTSRSSDVSVNLKKKNNPWLDPFDSGEDPDNEYGSLFADGKQDEDPRPPDNPDNPYGFLKFPKGYTVELASLPLKIRGDVRRCCCVISGGVYENLLFFPTIQLIKDRYPGVQVDILTTERGKQTYELNKNVRWANVYDPDDHWPEPAEYTDMIGLLKGRYYDMVLSTKLAGLGHAAFLFMTTARDRVSYIYPNVNSAGAGLMLSETFTAENTNLSELGYSMYTQMEDWLGRPFRSVPRTPLLPLRVSISRKVKEVVAAKYRNAGAVTGKFIVIHGIESDSKASMQSKGDADSLLSLEKWAKIIKGVRGFKPVFVIPHEKERENVEDFVGDDTSIVFITTPGQLAALINDSAGVIATNTAAIQLANARDKPCIGLFSSEEKGKLFVPYAEEKSNCVIIASKTGKLADIDIGTVKNAMQVFEGSLALV"
"3	MAEAFTSFTFTNLHIPSSYNHSPKQNSGPNHGYWLSKNVNEKRERNLMRGSLCVRKALPHDLPLMAVMVQQIEGMRDIITEKHVWHLSDKAIKNVYMFYIMFTCWGCLYFGSAKDPFYDSEEYRGDGGDGTGYWVYETQEDIEEKARAELWREELIEEIEQKVGGLRELEEAVTK"
"3	MAATFATPSTVIGLGGSSITTKPFSSSFLKPTLSAKNPLRLAGASGGRVTCFERNWLRRDLNVVGFGLIGWLAPSSIPAINGKSLTGLFFDSIGTELAHFPTPPALTSQFWLWLVTWHLGLFLCLTFGQIGFKGRTEDYF"
"3	MASSSTSFPLTTAPPQGVRFNRRKPRLTVWAKQTAFQLGKTKGDDDSEGKQKGKNPFQFDFGKLPDMKSLIPVVTNPSTGLVFGNNRKKDPGTIFVAGATGQAGIRIAQTLLQRGFSVRAGVPDLGAAQDLARVAATYKILSNDEVKRLNAVQSPFQDAESIAKAIGNATKVVVTVGATENGPDAQVSTSDALLVVQAAELAGVSHVAIVYDGTISGSTYNVLDGITSFFGNLFAKSQPLTISDLIEKVAQTDVAYTLIKTSLTEDFSPEKAYNVVVSAEGSNSGSGSSSSEAYKVPKLKIASLVADIFANTAVAENKVVEVSTDPSAPSRPVDELFSVIPEDGRRKVYADAIARERAEEEAKVAADKAREAAEAAKEFEKQMQKLSEKEAEAASLAEDAQQKADAVGVTVDGLFNKAKDISSGLSWNKLGSQFATAIQNASETPKVQVATVRGQAKARNLPPKKAVVKQRPSSPFASKPKEERPKKPEKEVRKVFGGLFKQETIYIDDD"
"3	MCSLSAIMLLPTKLKPAYSDKRSNSSSSSSLFFNNRRSKKKNQSIVPVARLFGPAIFESSKLKVLFLGVDEKKHPSTLPRTYTLTHSDITAKLTLAISQSINNSQLQGWANRLYRDEVVAEWKKVKGKMSLHVHCHISGGHFLLDLFAKFRYFIFCKELPVVLKAFVHGDGNLLNNYPELQEALVWVYFHSNVNEFNKVECWGPLWEAVSPDGHKTETLPEARCADECSCCFPTVSSIPWSHSLSNEGVNGYSGTQTEGIATPNPEKL"
"3	MSLASVIHHGILPPAKSDRIFLTIPVFPPDFRARGWTKSPFSLLINPSLASAANRRLSHLPPIACSRGIDQEDEEKESRELLPHKNDENATTSRSSSSVDSGGLKDYQQEETYKTSFKTVALCVGTAVAFGIGIGLKEGVGKASEFFAGYILEQSLSVDNLFVFVLVFKYFKVPLMYQNKVLTYGIAGAIVFRFTLILLGTATLQKFEAVNLLLAAVLLYSSFKLFASEEDDTDLSDNFIVKTCQRFIPVTSSYDGNRFFTKHDGILKATPLLLTVAVIELSDIAFAVDSIPAVFGVTRDPFIVLTSNLFAILGLRSLYTLISEGMDELEYLQPSIAVVLGFIGVKMILDFFGFHISTEASLGVVALSLSTGVLLSLTNKSSDS"
"3	MANEELTESQQQEDPSQQLPNADEEKGSDSDSNSDSDASSQSSGDDFYISESENEAEGDNTIFNYVRPSDIPPDPNANPETNIRRFNRVLDGKRVKRMQEEEEDKYTFYEDLFDFPRDPERWKEQDLREIWADGPLEMTKPGWDPAWADEDDWDVVNDEIQEGRDPGIQPFYVPYRKPYPAIPDNHYDIENAKGVVEELDRIEEFLQWVSYIFPDGSSYEGTVWDDLAQGKGVYIAENGLVRYEGEWLQNDMEGHGVIDVDIPDIEPIPGSKLEAKMRAEGRIIKRDYMTPEDRKWLEMDVEDSVALTDGNFQVPFYENEEWVTQFGEKPEKGRYRYAGQWKHSRMHGCGVYEVNERILYGRFYFGELLEEEHGCTVDICALHSGLAEVAAAKARMFVNKPDGMIREERGPYGDPQHPYFYEEDDVWMAPGFINQFYEVPEYWETYVGEVDQEREMWLNSFYKAPLRLPMPAELEHWWENVEVTPEFVLLNKEPEPDPNDPSKLVQKEDPVILHTPTGRIINYVEDEKHGIRLFWQPPLEEGEEVDPSKVEFLPLGFDEFYGKEVVVKKEHPIKSFVLGIEKSVKPMLDGLEKWTEEKKKAYEERKEMIQQELELVEAEICLEEAIEDMDEELKKKEQEEEKKTEMGLTEEDEDVLVPVYKEEKVVTAKEKIQENKQEEKYKDDDDEDDDDGDDDDDDDDDDDLGPSSFGSADKGRRNSPFSSSSLSFASCTLFPAVQSRLESSFLAWKQHRAEPSKVNTGIIKGADTASASIHFPPLSSNNARLKMGKVANRGCVQRSYGSSRSQSQLMSLSRLLSCNASSSSSPPDSSSSEYLKDSGLWETPVGDMSVVLSLQIQTKCSDLFAETPAVS"
"3	MAPVPVSVSATLAPPPAAPPKTTSRSWERRAPADAAFAAASSVAGSAALLTLTPAAPAAALSKEDVAGSLTKAVDTVSQAIDVGGKAAEQVAAVLKALGEAVKPALPVLKSASDEALKLAAPVVSAASKQATEALQGAGVDPAPVLSVAKTAAEQSTKVIDAAKPVASAAVETITSLGPEDYVVAAGXAFLAYLLVPPVWSLVSSSLRGYKGDLTPAQALDKVTTQGYVLIDVRSEKDKAKAGLPQLPSNAKNKLVSVPLEDLPSKLKGMVRNAKKAEAEIAALKISYLKKIGKGSNVIIMDSYSDVAKTVAKTLDSVGFKNCWVMAGGFSGRKGWAQSRLGTDSYNLSVVEVVTPSRVIPAVAGRRTGTTAARIGTASSASRATTRKLLPGGVD"
"3	MATKLISPPLSCPWVTSREVIIKGLPRRRREWMVTKRNRVSAVTAMIVEPLSVVSSSAIQIHQWWEQNPNSLLLMTEATGGYSLASYYTSLGLFVISVPGLWSLIKRSVKSKIVRKTFVVNDVKKEPKQVAGEILSFFTRKNFNITDRGETITFEGKMVPSRGQAALLTFCTCISLASVGLVLTITVPDFGNNWFFIILLSPLAGVYYWKKASRKEEIKVKMMVGSKGRLDEIVVQGDDVQVEEMRKELQLNEKGMVYVKGLFERSS"
"3	MTTVTTSFVSFSPALMIFQKKSRRSSPNFRNRSTSLPIVSATLSHIEEAATTTNLIRQTNSISESLRNISLADLDPGTAKLAIGILGPALSAFGFLFILRIVMSWYPKLPVDKFPYVLAYAPTEPILVQTRKVIPPLAGVDVTPVVWFGLVSFLSEILVGPQGLLVLVSQQQVN"
"3	MEARIILLRIQIPWSANRQFSHPPLDFPRFIRASSSSTSQKPKTYEGPKPRKNLVADFISKNDDLVRSLPIYVGGASLLAVLFNRTVSGIAPVADASSSQSRADLLALGLAVTNLLTGLVWLSIRPKSITPVNPKGVECKVVESDLPASMVSELLWAWESLKVATCCKSLVIVYNGICLIQIGMVAESPEDKKTVIVKTDKLMQGSVYRGVMKSKAQSYLANLSLYPGRSELPFLPANTQAVILQPLGDKGIAVIGGNTIRGFTSSDQAWISSIGEKLDATLGRYFVDSDEISRVTV"
"3	MSIQICNFPFHPKFALQPRAQRSTRIFARTENDSPQSKTSDQQLNLSVLRFTFGIPGFDESYLPRWIGYGFGSLLLLNHFSASAPISESQMRSEALGLSLAAFSIALPYIGKFLKGSVVEQRSLPEEGEQVFVISSNIGDSLKEDLAWATYVLLRNTSTIAVLISVQGELCVRGYWNCPDQMSKAQLHDWFKKKVDEIGLADVKETLYFPQYAGSALSLDILPDGTRSLFVQPLVQNTNEPQKVNGFLLVASTAGYAYSDKDRAWIGAMAEKFRG"
"3	MAVLSTIYSITRASTPTMASLTNDSPSPLPSSSPSKLPSPTSPSKKPLKLRQVSKQMGSQNQQRRGNKPSIAQIERAFGSGSYRDSEGEMDMNTVFDELLLGHANKFESKIEKKLREIGEIFVARTEPKLRSSGKPVLMFTIQWILPIWIMSLLVACGVIKLPFSIPFLDDLIM"
"3	MELCTRSTTIITHLPASFNGHGYLAGKSVDRISLPLQRNVASLVLQSRTLRCSRKFPGETVTEETSTGVNEFGVEDRDGVVVAAEEKNSNSEAPQAEDEETQALEFLNDIKLDSDKTYSILLYGSGAIVALYLTSAIVSSLEAIPLFPKLMEVVGLGYTLWFTTRYLLFKRNREELKTKVSEIKKQVLGSDSE"
"3	MAVATAPSLNRHFPRRISNLYSRVKQRRPWLPPGDATLFNSRRNWDSHLFVYASSSSSPSSSPPSPNSPTDDLTAELCVNTGLDLFKRGRVKDALVQFETALSLAPNPIESQAAYYNKACCHAYRGEGKKAVDCLRIALRDYNLKFATILNDPDLASFRALPEFKELQEEARLGGEDIGDNFRRDLKLISEVRAPFRGVRKFFYFAFAAAAGISMFFTVPRLVQAIRGGDGAPNLLETTGNAAINIGGIVVMVSLFLWENKKEEEQMVQITRDETLSRLPLRLSTNRVVELVQLRDTVRPVILAGKKETVTLAMQKADRFRTELLRRGVLLVPVVWGERKTPEIEKKGFGASSKAATSLPSIGEDFDTRAQSVVAQSKLKGEIRFKAETVSPGEWERWIRDQQISEGVNPGDDVYIILRLDGRVRRSGRGMPDWAEISKELPPMDDVLSKLER"
"3	MALQIHSPCSFSTRPYHLFFTTRNPRFAIKCQNSQIESDTTEDPSRSKNSSSSGVGFGSPASSSSPAKKLSAATSGNKKGKGKREVNRRAPVEKPVFMSEEGAAKAEEQRQNENAFLLTWLGLGIVILIEGIILAASGFLPEELDKLFVKYVYPVFTPSVVLFVAGTTAYGVLKYIQNEKMKGQE"
"3	MAMAIAMLPALFSSPSILTSRIRCGATANSGGAISSTSSNSDPRRGVPLYKPKSYEVLATDAANSLAFALQDSKSRLEIDFPPLPSSISSYKGSSDDFIDANIQLAVTVVRKLQEKIETRACIVFPDKPEKRRASQRFKAAFDSVDGISIGSLDDIPGTSVTNFFRSIRSTLDFDFEDENEGTWEPKEPPTLYIFINCSTRELSFIEKFVETFASSTPALLFNLELDTLRADLGLLGFPPKDLHYRFLSQFIPVFYIRTREYSKTVAVAPFVLNYNGALFRQYPGPWQVMLKQTDGSFACVAESPTRFTLGETKEELLQVLGLQEEKGSSLEFLRRGYKSATWWEEDVELEASSNWRN"
"3	MALVHYMNVSRSTFPLSRSSKINLSSSFASLPLQFHKNIKRLESSVPPSASASASPAFPIDVEYLRREFSGHGATFEDIGETCIARLKLDNGSSANVMLTRGMITSYKVRVWHGGKVELLHTWVEQEEEEVVIRGGVSSAFRSSDSDEISDWRLQGISGDSKDCVQMELRRSDKKIKEIELKQIISLRENTLSIELSMTNKGISPIKLEGCSLVSYLTVSTPEATYAVGLEGSDFVETTPFLPRFGVVQGEKEEEKPGFGGEEESNYKQLNREMSRIYTCAPKSFTVIDRGRRNSVVVGREGFEEVYMYSPGSRLESYTKSAYVCIGPSSLLSPISLESGCVWRGVLHLHNPNS"
"3	MLTAPSLSRFKSPFISSPLKLPTLSSSFFTQKFHQTCRRRNSYPCIKAVDLDQNTVIAITVGVLSVAIGVGIPVFYETQIDNAAKRENTQPCFPCTGTGAQKCRFCMGTGSVTVELGGGETEVSRCINCDGAGGLTCTTCQGSGIQPRYLDRREFKDDD"
"3	MAKLLLLHAPHVIPRFSSSSSRSLVSAAALYRRPLLVNPQFSHIGPRLHSPYNRRFSARAFDDSPASSAEMEKEKQEQLLDGVSGKKDEDYPTGEMEYENRNAWEIFVVKFRMLFAYPWQRVRKGSVLTMTLRGQISDQLKSRFNSGLSLPQLSENFVKAAYDPRIAGVYLHIDPLSCGWGKVEEIRRHILNFKKSGKFIVGYISICGLKEYYLGCACNELFAPPSAYSFLYGLTVQASFLGGVFEKVGIEPQVQRIGKYKSAGDQLSRKSISEENYEMLSVLLDNIYSNWLDGVSDATGKKREDVENFINQGVYEIEKLKEAGLIKDIRYDDEVITMLKERLGVEKDKKLPTVDYKKYSGVKKWTLGLTGGRDQIAIIRAGGSISRVKGPLSTPGSAIIAEQLIEKIRSVRESKKYKAAIIRIDSPGGDALASDLMWREIKLLAETKPVIASMSDVAASGGYYMAMAANAIVAENLTLTGSIGVVTARFTLAKLYEKIGFNKETISRGKYAELLGAEERPLKPEEAELFEKSAQHAYQLFRDKAALSRSMPVDKMEEVAQGRVWTGKDAHSRGLIDAVGGLSRAIAIAKQKANIPLNKKVTLVELSRPSTSLPDILSGIGSSVIGVDRTLKGLLDELTITEGVQARMDGIMFQQLGRDSLATPIIDMLKDYLSSLR"
"3	MTTQIFQLPLKYCASSFSSTGQRNYGASSSPSPIVICKSNGISDGLWVKRRKNNRRFGSLIVKQEKGDVTEIRVPVPLTLEQQEKEKQNRDDEEDEIDEGDVDPEDLKYVNEIKRVIELLRRNRDMIFSEVKLTIMIEDPRELERRRLLGIEDADTPSRDDLAEALEQVNDGKIPKDRATLRMLHEEMIRWPNLEVEVSKKQRGKSMYAKSTDTGIDPKEAAKRLNVEWDSAAAIEEVDVDDEQGVVTKVAGYGALYFVSALPVIIGISVVLILFYNSLQ"
"3	MAAITALTLRSPVYLPSSATSPRFHGFTNQPPPARLFFPLNPFPSLSIQNPKSIRISASASPITTPILQTEKSTARSSTLTGSTRSLATLAALAIAVTRVLAQKLSLAIQTSSPVIADGLRFSLSTAGPVFFASLRDRPPGYLNTPLTVVAVGIKKWLDIYSGVLMVRVLLSWFPNIPWERQPLSAIRDLCDPYLNLFRNIIPPIFDTLDVSPLLAFAVLGTLGSIVHGSTG"
"3	MATTLISKLTLSSAFLGQQFSSRGNSMRSAPAGLFLRGPRCAATDTPYGGNIPQFPRVNVWDPYKRLGISRDASEEEVWSSRNFLLNQYYNHERSAESIEAAFEKILMASFINRKKTKINLKTRLKKKVEESPPWVQNLLSFVELPPPVIILRRLFLFGFMACWSVMNSTEAGPAFQVAISFGACVYFLNDKTKSLGRAALIGFGALVAGWFCGSLLVPMIPPNLLHPTWSLELLTSLFIYVSLFLGCTFLK"
3MASNMLQLSLPPLSSSSSSLPFLSSSVYVLPFTHQRRHFSFFNVQNYRFRLSRSTSLGPLFVNKEEDSATYAVTEEEEDNDDDDPDPQSLEYVSQIKRVLELLKRNRDMLFGEVKLTIMIEDPRDVERRRLLGIDDENAPTRDDLAAALEEINEGKVPKDFAALQMLAEEMNSWPNLEVEATKQNKPGRSLYAKATDTGIDPKEAAKRLKIDWDSAAEIDESAESDEPDVPPALGYGALYLVSAFPIIIGISVVLILFYNSLQ
